"","sampleID","no3mgL","site","position","month","drpmgL","year","trt","pos","order"
"1",4200,14.5129,"ARM","Bot","Dec.",NA,"2015","CTL","CTL-Bot","Dec."
"2",4201,9.6225,"ARM","Top","Dec.",NA,"2015","TRT","TRT-Top","Dec."
"3",4202,2.7979,"ARM","Bot","Dec.",NA,"2015","TRT","TRT-Bot","Dec."
"4",4203,0.0744,"EIA","Bot","Dec.",NA,"2015","CTL","CTL-Bot","Dec."
"5",4204,0.0452,"EIA","Top","Dec.",NA,"2015","TRT","TRT-Top","Dec."
"6",4205,0.0962,"EIA","Bot","Dec.",NA,"2015","TRT","TRT-Bot","Dec."
"7",4207,9.8786,"GUT","Bot","Dec.",NA,"2015","TRT","TRT-Bot","Dec."
"8",4208,3.4031,"RHO","Bot","Dec.",NA,"2015","CTL","CTL-Bot","Dec."
"9",4211,0.7517,"WOR","Bot","Dec.",NA,"2015","CTL","CTL-Bot","Dec."
"10",4212,0.8545,"WOR","Top","Dec.",NA,"2015","TRT","TRT-Top","Dec."
"11",4213,0.8611,"WOR","Bot","Dec.",NA,"2015","TRT","TRT-Bot","Dec."
"12",5014,14.1029,"ARM","Bot","Apr.",NA,"2016","CTL","CTL-Bot","Apr."
"13",5015,9.0837,"ARM","Top","Apr.",NA,"2016","TRT","TRT-Top","Apr."
"14",5016,5.4316,"ARM","Bot","Apr.",NA,"2016","TRT","TRT-Bot","Apr."
"15",5017,0.1201,"EIA","Bot","Apr.",NA,"2016","CTL","CTL-Bot","Apr."
"16",5018,0.4601,"EIA","Top","Apr.",NA,"2016","TRT","TRT-Top","Apr."
"17",5019,0.3727,"EIA","Bot","Apr.",NA,"2016","TRT","TRT-Bot","Apr."
"18",5022,3.9416,"RHO","Bot","Apr.",NA,"2016","CTL","CTL-Bot","Apr."
"19",5023,2.9326,"RHO","Top","Apr.",NA,"2016","TRT","TRT-Top","Apr."
"20",5024,5.6221,"RHO","Bot","Apr.",NA,"2016","TRT","TRT-Bot","Apr."
"21",5025,0.7022,"WOR","Bot","Apr.",NA,"2016","CTL","CTL-Bot","Apr."
"22",5026,3.2518,"WOR","Top","Apr.",NA,"2016","TRT","TRT-Top","Apr."
"23",5027,3.0027,"WOR","Bot","Apr.",NA,"2016","TRT","TRT-Bot","Apr."
"24",5028,13.0261,"ARM","Bot","May",NA,"2016","CTL","CTL-Bot","May"
"25",5029,9.5536,"ARM","Top","May",NA,"2016","TRT","TRT-Top","May"
"26",5030,4.2988,"ARM","Bot","May",NA,"2016","TRT","TRT-Bot","May"
"27",5031,0.1119,"EIA","Bot","May",NA,"2016","CTL","CTL-Bot","May"
"28",5032,0.3065,"EIA","Top","May",NA,"2016","TRT","TRT-Top","May"
"29",5033,0.348,"EIA","Bot","May",NA,"2016","TRT","TRT-Bot","May"
"30",4206,7.9682,"GUT","Top","Dec.",NA,"2015","TRT","TRT-Top","Dec."
"31",5036,4.8029,"RHO","Bot","May",NA,"2016","CTL","CTL-Bot","May"
"32",5037,3.0736,"RHO","Top","May",NA,"2016","TRT","TRT-Top","May"
"33",5038,5.691,"RHO","Bot","May",NA,"2016","TRT","TRT-Bot","May"
"34",5039,0.653,"WOR","Bot","May",NA,"2016","CTL","CTL-Bot","May"
"35",5040,7.193,"WOR","Top","May",NA,"2016","TRT","TRT-Top","May"
"36",5041,3.6835,"WOR","Bot","May",NA,"2016","TRT","TRT-Bot","May"
"37",5042,10.5983,"ARM","Bot","June",NA,"2016","CTL","CTL-Bot","June"
"38",5043,9.216,"ARM","Top","June",NA,"2016","TRT","TRT-Top","June"
"39",5044,3.8983,"ARM","Bot","June",NA,"2016","TRT","TRT-Bot","June"
"40",5045,0.3552,"EIA","Bot","June",NA,"2016","CTL","CTL-Bot","June"
"41",5046,0.5147,"EIA","Top","June",NA,"2016","TRT","TRT-Top","June"
"42",5047,0.3849,"EIA","Bot","June",NA,"2016","TRT","TRT-Bot","June"
"43",5048,6.7262,"GUT","Top","June",NA,"2016","TRT","TRT-Top","June"
"44",5049,9.0621,"GUT","Bot","June",NA,"2016","TRT","TRT-Bot","June"
"45",5050,2.9148,"RHO","Bot","June",NA,"2016","CTL","CTL-Bot","June"
"46",5051,5.6995,"RHO","Top","June",NA,"2016","TRT","TRT-Top","June"
"47",5052,5.8144,"RHO","Bot","June",NA,"2016","TRT","TRT-Bot","June"
"48",5053,0.5278,"WOR","Bot","June",NA,"2016","CTL","CTL-Bot","June"
"49",5054,7.3253,"WOR","Top","June",NA,"2016","TRT","TRT-Top","June"
"50",5055,3.3802,"WOR","Bot","June",NA,"2016","TRT","TRT-Bot","June"
"51",5056,11.1103,"ARM","Bot","July",NA,"2016","CTL","CTL-Bot","July"
"52",5057,10.9264,"ARM","Top","July",NA,"2016","TRT","TRT-Top","July"
"53",5058,4.3949,"ARM","Bot","July",NA,"2016","TRT","TRT-Bot","July"
"54",5059,0.3435,"EIA","Bot","July",NA,"2016","CTL","CTL-Bot","July"
"55",5060,0.3663,"EIA","Top","July",NA,"2016","TRT","TRT-Top","July"
"56",5061,0.3043,"EIA","Bot","July",NA,"2016","TRT","TRT-Bot","July"
"57",5064,0.6536,"RHO","Bot","July",NA,"2016","CTL","CTL-Bot","July"
"58",5065,2.9824,"RHO","Top","July",NA,"2016","TRT","TRT-Top","July"
"59",5066,5.3286,"RHO","Bot","July",NA,"2016","TRT","TRT-Bot","July"
"60",5067,2.908,"WOR","Bot","July",NA,"2016","CTL","CTL-Bot","July"
"61",5068,3.1782,"WOR","Top","July",NA,"2016","TRT","TRT-Top","July"
"62",5069,2.6198,"WOR","Bot","July",NA,"2016","TRT","TRT-Bot","July"
"63",5070,11.8346,"ARM","Bot","Aug.",NA,"2016","CTL","CTL-Bot","Aug."
"64",5071,10.8687,"ARM","Top","Aug.",NA,"2016","TRT","TRT-Top","Aug."
"65",5072,2.8046,"ARM","Bot","Aug.",NA,"2016","TRT","TRT-Bot","Aug."
"66",5073,0.1873,"EIA","Bot","Aug.",NA,"2016","CTL","CTL-Bot","Aug."
"67",5074,0.3156,"EIA","Top","Aug.",NA,"2016","TRT","TRT-Top","Aug."
"68",5075,0.1848,"EIA","Bot","Aug.",NA,"2016","TRT","TRT-Bot","Aug."
"69",5078,3.232,"RHO","Bot","Aug.",NA,"2016","CTL","CTL-Bot","Aug."
"70",5079,5.0684,"RHO","Top","Aug.",NA,"2016","TRT","TRT-Top","Aug."
"71",5080,5.9175,"RHO","Bot","Aug.",NA,"2016","TRT","TRT-Bot","Aug."
"72",5081,0.4559,"WOR","Bot","Aug.",NA,"2016","CTL","CTL-Bot","Aug."
"73",5082,3.0695,"WOR","Top","Aug.",NA,"2016","TRT","TRT-Top","Aug."
"74",5083,3.3326,"WOR","Bot","Aug.",NA,"2016","TRT","TRT-Bot","Aug."
"75",5084,11.4574,"ARM","Bot","Sept.",NA,"2016","CTL","CTL-Bot","Sept."
"76",5085,10.5506,"ARM","Top","Sept.",NA,"2016","TRT","TRT-Top","Sept."
"77",5086,3.9081,"ARM","Bot","Sept.",NA,"2016","TRT","TRT-Bot","Sept."
"78",5087,0.5563,"EIA","Bot","Sept.",NA,"2016","CTL","CTL-Bot","Sept."
"79",5088,0.3435,"EIA","Top","Sept.",NA,"2016","TRT","TRT-Top","Sept."
"80",5089,0.3588,"EIA","Bot","Sept.",NA,"2016","TRT","TRT-Bot","Sept."
"81",5090,6.245,"GUT","Top","Sept.",NA,"2016","TRT","TRT-Top","Sept."
"82",5091,9.5811,"GUT","Bot","Sept.",NA,"2016","TRT","TRT-Bot","Sept."
"83",5092,3.3716,"RHO","Bot","Sept.",NA,"2016","CTL","CTL-Bot","Sept."
"84",5093,2.0269,"RHO","Top","Sept.",NA,"2016","TRT","TRT-Top","Sept."
"85",5094,5.6826,"RHO","Bot","Sept.",NA,"2016","TRT","TRT-Bot","Sept."
"86",5095,0.7615,"WOR","Bot","Sept.",NA,"2016","CTL","CTL-Bot","Sept."
"87",5096,1.7957,"WOR","Top","Sept.",NA,"2016","TRT","TRT-Top","Sept."
"88",5097,2.977,"WOR","Bot","Sept.",NA,"2016","TRT","TRT-Bot","Sept."
"89",5098,10.4325,"ARM","Bot","Oct.",NA,"2016","CTL","CTL-Bot","Oct."
"90",5099,10.5912,"ARM","Top","Oct.",NA,"2016","TRT","TRT-Top","Oct."
"91",5100,2.0437,"ARM","Bot","Oct.",NA,"2016","TRT","TRT-Bot","Oct."
"92",5101,0.2247,"EIA","Bot","Oct.",NA,"2016","CTL","CTL-Bot","Oct."
"93",5102,0.1442,"EIA","Top","Oct.",NA,"2016","TRT","TRT-Top","Oct."
"94",5103,0.2329,"EIA","Bot","Oct.",NA,"2016","TRT","TRT-Bot","Oct."
"95",5106,3.784,"RHO","Bot","Oct.",NA,"2016","CTL","CTL-Bot","Oct."
"96",5107,1.2132,"RHO","Top","Oct.",NA,"2016","TRT","TRT-Top","Oct."
"97",5108,5.8042,"RHO","Bot","Oct.",NA,"2016","TRT","TRT-Bot","Oct."
"98",5109,2.5661,"WOR","Bot","Oct.",NA,"2016","CTL","CTL-Bot","Oct."
"99",5110,1.5294,"WOR","Top","Oct.",NA,"2016","TRT","TRT-Top","Oct."
"100",5111,0.4926,"WOR","Bot","Oct.",NA,"2016","TRT","TRT-Bot","Oct."
"101",5112,12.3069,"ARM","Bot","Nov.",NA,"2016","CTL","CTL-Bot","Nov."
"102",5113,11.1109,"ARM","Top","Nov.",NA,"2016","TRT","TRT-Top","Nov."
"103",5114,2.0291,"ARM","Bot","Nov.",NA,"2016","TRT","TRT-Bot","Nov."
"104",5115,0.1956,"EIA","Bot","Nov.",NA,"2016","CTL","CTL-Bot","Nov."
"105",5116,0.2359,"EIA","Top","Nov.",NA,"2016","TRT","TRT-Top","Nov."
"106",5117,0.1222,"EIA","Bot","Nov.",NA,"2016","TRT","TRT-Bot","Nov."
"107",5120,3.3614,"RHO","Bot","Nov.",NA,"2016","CTL","CTL-Bot","Nov."
"108",5121,1.2024,"RHO","Top","Nov.",NA,"2016","TRT","TRT-Top","Nov."
"109",5122,6.0909,"RHO","Bot","Nov.",NA,"2016","TRT","TRT-Bot","Nov."
"110",5123,0.0645,"WOR","Bot","Nov.",NA,"2016","CTL","CTL-Bot","Nov."
"111",5124,1.3452,"WOR","Top","Nov.",NA,"2016","TRT","TRT-Top","Nov."
"112",5125,3.0199,"WOR","Bot","Nov.",NA,"2016","TRT","TRT-Bot","Nov."
"113",5126,12.2427,"ARM","Bot","Dec.",NA,"2016","CTL","CTL-Bot","Dec."
"114",5127,10.5151,"ARM","Top","Dec.",NA,"2016","TRT","TRT-Top","Dec."
"115",5128,2.3161,"ARM","Bot","Dec.",NA,"2016","TRT","TRT-Bot","Dec."
"116",5129,0.5032,"EIA","Bot","Dec.",NA,"2016","CTL","CTL-Bot","Dec."
"117",5131,0.2812,"EIA","Bot","Dec.",NA,"2016","TRT","TRT-Bot","Dec."
"118",5132,5.745,"GUT","Top","Dec.",NA,"2016","TRT","TRT-Top","Dec."
"119",5133,8.7823,"GUT","Bot","Dec.",NA,"2016","TRT","TRT-Bot","Dec."
"120",5134,14.4845,"MCN","Bot","Dec.",NA,"2016","CTL","CTL-Bot","Dec."
"121",5135,1.1108,"MCN","Bot","Dec.",NA,"2016","TRT","TRT-Bot","Dec."
"122",5136,0.9859,"RHO","Bot","Dec.",NA,"2016","CTL","CTL-Bot","Dec."
"123",5137,1.3902,"RHO","Top","Dec.",NA,"2016","TRT","TRT-Top","Dec."
"124",5138,7.8517,"RHO","Bot","Dec.",NA,"2016","TRT","TRT-Bot","Dec."
"125",5139,3.7629,"SPL","Top","Dec.",NA,"2016","CTL","CTL-Top","Dec."
"126",5140,4.6342,"SPL","Bot","Dec.",NA,"2016","CTL","CTL-Bot","Dec."
"127",5141,11.0514,"SPL","Top","Dec.",NA,"2016","TRT","TRT-Top","Dec."
"128",5142,11.4637,"WHI","Bot","Dec.",NA,"2016","CTL","CTL-Bot","Dec."
"129",5143,0.1501,"WOR","Bot","Dec.",NA,"2016","CTL","CTL-Bot","Dec."
"130",5144,2.9867,"WOR","Top","Dec.",NA,"2016","TRT","TRT-Top","Dec."
"131",5145,3.1828,"WOR","Bot","Dec.",NA,"2016","TRT","TRT-Bot","Dec."
"132",4189,9.8417,"GUT","Top","Sept.",NA,"2015","TRT","TRT-Top","Sept."
"133",4190,12.0077,"GUT","Bot","Sept.",NA,"2015","TRT","TRT-Bot","Sept."
"134",5000,14.2901,"ARM","Bot","Mar.",NA,"2016","CTL","CTL-Bot","Mar."
"135",5001,10.0556,"ARM","Top","Mar.",NA,"2016","TRT","TRT-Top","Mar."
"136",5002,6.2792,"ARM","Bot","Mar.",NA,"2016","TRT","TRT-Bot","Mar."
"137",5003,0.0726,"EIA","Bot","Mar.",NA,"2016","CTL","CTL-Bot","Mar."
"138",5004,0.3549,"EIA","Top","Mar.",NA,"2016","TRT","TRT-Top","Mar."
"139",5005,NA,"EIA","Bot","Mar.",NA,"2016","TRT","TRT-Bot","Mar."
"140",5006,6.2275,"GUT","Top","Mar.",NA,"2016","TRT","TRT-Top","Mar."
"141",5007,9.1884,"GUT","Bot","Mar.",NA,"2016","TRT","TRT-Bot","Mar."
"142",5008,0.5651,"RHO","Bot","Mar.",NA,"2016","CTL","CTL-Bot","Mar."
"143",5009,1.6652,"RHO","Top","Mar.",NA,"2016","TRT","TRT-Top","Mar."
"144",5010,2.867,"RHO","Bot","Mar.",NA,"2016","TRT","TRT-Bot","Mar."
"145",5011,0.0195,"WOR","Bot","Mar.",NA,"2016","CTL","CTL-Bot","Mar."
"146",5012,1.2411,"WOR","Top","Mar.",NA,"2016","TRT","TRT-Top","Mar."
"147",5013,1.9475,"WOR","Bot","Mar.",NA,"2016","TRT","TRT-Bot","Mar."
"148",4209,NA,"RHO","Top","Dec.",NA,"2015","TRT","TRT-Top","Dec."
"149",4210,NA,"RHO","Bot","Dec.",NA,"2015","TRT","TRT-Bot","Dec."
"150",5020,NA,"GUT","Top","Apr.",NA,"2016","TRT","TRT-Top","Apr."
"151",5021,NA,"GUT","Bot","Apr.",NA,"2016","TRT","TRT-Bot","Apr."
"152",5034,NA,"GUT","Top","May",NA,"2016","TRT","TRT-Top","May"
"153",5035,NA,"GUT","Bot","May",NA,"2016","TRT","TRT-Bot","May"
"154",5062,NA,"GUT","Top","July",NA,"2016","TRT","TRT-Top","July"
"155",5063,NA,"GUT","Bot","July",NA,"2016","TRT","TRT-Bot","July"
"156",5076,NA,"GUT","Top","Aug.",NA,"2016","TRT","TRT-Top","Aug."
"157",5077,NA,"GUT","Bot","Aug.",NA,"2016","TRT","TRT-Bot","Aug."
"158",5104,NA,"GUT","Top","Oct.",NA,"2016","TRT","TRT-Top","Oct."
"159",5105,NA,"GUT","Bot","Oct.",NA,"2016","TRT","TRT-Bot","Oct."
"160",5118,NA,"GUT","Top","Nov.",NA,"2016","TRT","TRT-Top","Nov."
"161",5119,NA,"GUT","Bot","Nov.",NA,"2016","TRT","TRT-Bot","Nov."
"162",5130,NA,"EIA","Top","Dec.",NA,"2016","TRT","TRT-Top","Dec."
"163",6000,9.7414,"ARM","Top","Feb.",0.017,"2017","TRT","TRT-Top","Feb."
"164",6001,1.3024,"ARM","Bot","Feb.",0.164,"2017","TRT","TRT-Bot","Feb."
"165",6002,10.1366,"ARM","Bot","Feb.",0.099,"2017","CTL","CTL-Bot","Feb."
"166",6003,0.8182,"EIA","Bot","Feb.",0.019,"2017","CTL","CTL-Bot","Feb."
"167",6004,0.5406,"EIA","Bot","Feb.",0.008,"2017","TRT","TRT-Bot","Feb."
"168",6005,1.0376,"EIA","Top","Feb.",0.065,"2017","TRT","TRT-Top","Feb."
"169",6006,14.4003,"MCN","Bot","Feb.",0.003,"2017","CTL","CTL-Bot","Feb."
"170",6007,2.6778,"MCN","Bot","Feb.",0.03,"2017","TRT","TRT-Bot","Feb."
"171",6008,0.6845,"RHO","Bot","Feb.",0.013,"2017","CTL","CTL-Bot","Feb."
"172",6009,0.6477,"RHO","Top","Feb.",0.057,"2017","TRT","TRT-Top","Feb."
"173",6010,9.1208,"SPL","Top","Feb.",0.002,"2017","TRT","TRT-Top","Feb."
"174",6011,5.8724,"SPL","Top","Feb.",0.006,"2017","CTL","CTL-Top","Feb."
"175",6012,5.7455,"SPL","Bot","Feb.",0.001,"2017","CTL","CTL-Bot","Feb."
"176",6013,12.8925,"WHI","Bot","Feb.",0.049,"2017","CTL","CTL-Bot","Feb."
"177",6014,2.3714,"WOR","Bot","Feb.",0.009,"2017","TRT","TRT-Bot","Feb."
"178",6015,3.3507,"WOR","Top","Feb.",0.217,"2017","TRT","TRT-Top","Feb."
"179",6016,0.3015,"WOR","Bot","Feb.",0.001,"2017","CTL","CTL-Bot","Feb."
"180",6017,9.6635,"ARM","Top","Mar.",0.012,"2017","TRT","TRT-Top","Mar."
"181",6018,0.9836,"ARM","Bot","Mar.",0.161,"2017","TRT","TRT-Bot","Mar."
"182",6019,12.2233,"ARM","Bot","Mar.",0.05,"2017","CTL","CTL-Bot","Mar."
"183",6020,0.5189,"EIA","Bot","Mar.",0.003,"2017","TRT","TRT-Bot","Mar."
"184",6021,0.474,"EIA","Top","Mar.",0.055,"2017","TRT","TRT-Top","Mar."
"185",6022,0.5974,"EIA","Bot","Mar.",0.045,"2017","CTL","CTL-Bot","Mar."
"186",6023,8.3336,"GUT","Bot","Mar.",0.003,"2017","TRT","TRT-Bot","Mar."
"187",6024,4.6225,"GUT","Top","Mar.",0.006,"2017","TRT","TRT-Top","Mar."
"188",6025,14.1453,"MCN","Bot","Mar.",0.007,"2017","CTL","CTL-Bot","Mar."
"189",6026,3.3214,"MCN","Bot","Mar.",0.013,"2017","TRT","TRT-Bot","Mar."
"190",6027,0.6899,"RHO","Top","Mar.",0.068,"2017","TRT","TRT-Top","Mar."
"191",6028,8.1283,"RHO","Bot","Mar.",0.041,"2017","TRT","TRT-Bot","Mar."
"192",6029,0.9522,"RHO","Bot","Mar.",0.042,"2017","CTL","CTL-Bot","Mar."
"193",6031,6.2417,"SPL","Top","Mar.",0.001,"2017","CTL","CTL-Top","Mar."
"194",6032,5.0561,"SPL","Bot","Mar.",0.01,"2017","CTL","CTL-Bot","Mar."
"195",6033,13.6367,"WHI","Bot","Mar.",0.036,"2017","CTL","CTL-Bot","Mar."
"196",6034,4.5702,"WHI","Top","Mar.",0.035,"2017","TRT","TRT-Top","Mar."
"197",6035,0.4854,"WOR","Bot","Mar.",-0.002,"2017","CTL","CTL-Bot","Mar."
"198",6036,2.5044,"WOR","Bot","Mar.",-0.002,"2017","TRT","TRT-Bot","Mar."
"199",6037,6.7029,"WOR","Top","Mar.",0.076,"2017","TRT","TRT-Top","Mar."
"200",6038,2.8023,"ARM","Bot","Apr.",0.165,"2017","TRT","TRT-Bot","Apr."
"201",6039,9.9853,"ARM","Top","Apr.",0.009,"2017","TRT","TRT-Top","Apr."
"202",6040,13.5944,"ARM","Bot","Apr.",0.009,"2017","CTL","CTL-Bot","Apr."
"203",6041,0.1843,"EIA","Bot","Apr.",0.009,"2017","CTL","CTL-Bot","Apr."
"204",6042,0.2032,"EIA","Bot","Apr.",0.006,"2017","TRT","TRT-Bot","Apr."
"205",6043,3.6307,"MCN","Bot","Apr.",0.007,"2017","TRT","TRT-Bot","Apr."
"206",6044,14.9444,"MCN","Bot","Apr.",-0.001,"2017","CTL","CTL-Bot","Apr."
"207",6045,1.7235,"RHO","Top","Apr.",0.047,"2017","TRT","TRT-Top","Apr."
"208",6046,6.9598,"RHO","Bot","Apr.",0.018,"2017","CTL","CTL-Bot","Apr."
"209",6030,8.702,"RHO","Bot","Apr.",0.025,"2017","TRT","TRT-Bot","Apr."
"210",6047,10.7582,"SPL","Top","Apr.",-0.001,"2017","TRT","TRT-Top","Apr."
"211",6048,10.6142,"SPL","Bot","Apr.",0.002,"2017","TRT","TRT-Bot","Apr."
"212",6049,5.8742,"SPL","Top","Apr.",0.002,"2017","CTL","CTL-Top","Apr."
"213",6050,6.3587,"SPL","Bot","Apr.",0.031,"2017","CTL","CTL-Bot","Apr."
"214",6051,15.8368,"WHI","Bot","Apr.",0.037,"2017","CTL","CTL-Bot","Apr."
"215",6052,4.858,"WHI","Top","Apr.",0.026,"2017","TRT","TRT-Top","Apr."
"216",6053,0.2981,"WOR","Bot","Apr.",-0.001,"2017","CTL","CTL-Bot","Apr."
"217",6054,8.2797,"WOR","Top","Apr.",0.052,"2017","TRT","TRT-Top","Apr."
"218",6055,3.4455,"WOR","Bot","Apr.",0,"2017","TRT","TRT-Bot","Apr."
"219",6056,10.1228,"ARM","Top","May",0.011,"2017","TRT","TRT-Top","May"
"220",6057,4.6438,"ARM","Bot","May",0.16,"2017","TRT","TRT-Bot","May"
"221",6058,13.4578,"ARM","Bot","May",0.007,"2017","CTL","CTL-Bot","May"
"222",6059,0.209,"EIA","Bot","May",0.002,"2017","TRT","TRT-Bot","May"
"223",6060,0.2344,"EIA","Bot","May",0.014,"2017","CTL","CTL-Bot","May"
"224",6061,15.5278,"MCN","Bot","May",-0.001,"2017","CTL","CTL-Bot","May"
"225",6062,4.0909,"MCN","Bot","May",0.017,"2017","TRT","TRT-Bot","May"
"226",6063,3.4257,"RHO","Top","May",0.045,"2017","TRT","TRT-Top","May"
"227",6064,9.3072,"RHO","Bot","May",0.018,"2017","TRT","TRT-Bot","May"
"228",6065,5.7383,"RHO","Bot","May",0.023,"2017","CTL","CTL-Bot","May"
"229",6066,11.2223,"SPL","Top","May",0.001,"2017","TRT","TRT-Top","May"
"230",6067,9.896,"SPL","Bot","May",0.001,"2017","TRT","TRT-Bot","May"
"231",6068,6.5843,"SPL","Bot","May",0.011,"2017","CTL","CTL-Bot","May"
"232",6069,5.6285,"SPL","Top","May",0,"2017","CTL","CTL-Top","May"
"233",6070,6.1196,"WOR","Top","May",0.033,"2017","TRT","TRT-Top","May"
"234",6071,1.6924,"WOR","Bot","May",-0.002,"2017","TRT","TRT-Bot","May"
"235",6072,0.2731,"WOR","Bot","May",0,"2017","CTL","CTL-Bot","May"
"236",6073,5.028,"WHI","Top","May",0.027,"2017","TRT","TRT-Top","May"
"237",6074,0.641,"WHI","Bot","May",0.029,"2017","TRT","TRT-Bot","May"
"238",6075,14.692,"WHI","Bot","May",0.033,"2017","CTL","CTL-Bot","May"
"239",6076,11.7465,"SPL","Top","June",0,"2017","TRT","TRT-Top","June"
"240",6077,7.8083,"SPL","Bot","June",0.001,"2017","TRT","TRT-Bot","June"
"241",6078,5.89,"SPL","Bot","June",0.002,"2017","CTL","CTL-Bot","June"
"242",6079,5.8036,"SPL","Top","June",0,"2017","CTL","CTL-Top","June"
"243",6080,0.2572,"EIA","Bot","June",0,"2017","TRT","TRT-Bot","June"
"244",6081,0.1857,"EIA","Bot","June",0,"2017","CTL","CTL-Bot","June"
"245",6082,9.3254,"RHO","Top","June",0.044,"2017","TRT","TRT-Top","June"
"246",6083,9.154,"RHO","Bot","June",0.025,"2017","TRT","TRT-Bot","June"
"247",6084,4.3619,"RHO","Bot","June",0.022,"2017","CTL","CTL-Bot","June"
"248",6085,14.7742,"MCN","Bot","June",0,"2017","CTL","CTL-Bot","June"
"249",6086,4.5741,"MCN","Bot","June",0.014,"2017","TRT","TRT-Bot","June"
"250",6087,2.3038,"WOR","Top","June",0.01,"2017","TRT","TRT-Top","June"
"251",6088,2.9634,"WOR","Bot","June",0.001,"2017","TRT","TRT-Bot","June"
"252",6089,0.1789,"WOR","Bot","June",0.001,"2017","CTL","CTL-Bot","June"
"253",6090,10.1293,"ARM","Top","June",0.016,"2017","TRT","TRT-Top","June"
"254",6091,5.2347,"ARM","Bot","June",0.181,"2017","TRT","TRT-Bot","June"
"255",6092,14.2449,"ARM","Bot","June",0.002,"2017","CTL","CTL-Bot","June"
"256",6093,5.3751,"WHI","Top","June",0.035,"2017","TRT","TRT-Top","June"
"257",6094,1.0427,"WHI","Bot","June",0.059,"2017","TRT","TRT-Bot","June"
"258",6095,15.3578,"WHI","Bot","June",0.038,"2017","CTL","CTL-Bot","June"
"259",6096,5.2886,"GUT","Top","June",0.002,"2017","TRT","TRT-Top","June"
"260",6097,8.2918,"GUT","Bot","June",0.002,"2017","TRT","TRT-Bot","June"
"261",6125,10.426,"SPL","Top","July",-0.003,"2017","TRT","TRT-Top","July"
"262",6126,7.433,"SPL","Bot","July",-0.001,"2017","TRT","TRT-Bot","July"
"263",6127,4.8867,"SPL","Bot","July",0.002,"2017","CTL","CTL-Bot","July"
"264",6128,5.3821,"SPL","Top","July",-0.002,"2017","CTL","CTL-Top","July"
"265",6129,0.2821,"EIA","Bot","July",-0.001,"2017","TRT","TRT-Bot","July"
"266",6130,0.2988,"EIA","Top","July",0.01,"2017","TRT","TRT-Top","July"
"267",6131,0.1274,"EIA","Bot","July",0.002,"2017","CTL","CTL-Bot","July"
"268",6132,7.2931,"RHO","Top","July",0.044,"2017","TRT","TRT-Top","July"
"269",6133,9.2192,"RHO","Bot","July",0.026,"2017","TRT","TRT-Bot","July"
"270",6134,2.8463,"RHO","Bot","July",0.021,"2017","CTL","CTL-Bot","July"
"271",6135,15.2114,"MCN","Bot","July",0.002,"2017","CTL","CTL-Bot","July"
"272",6136,5.1799,"MCN","Bot","July",0.009,"2017","TRT","TRT-Bot","July"
"273",6137,0.7821,"WOR","Top","July",0.007,"2017","TRT","TRT-Top","July"
"274",6138,0.5278,"WOR","Bot","July",0.001,"2017","TRT","TRT-Bot","July"
"275",6139,0.115,"WOR","Bot","July",0.001,"2017","CTL","CTL-Bot","July"
"276",6140,10.7653,"ARM","Top","July",0.017,"2017","TRT","TRT-Top","July"
"277",6141,6.0002,"ARM","Bot","July",0.175,"2017","TRT","TRT-Bot","July"
"278",6142,15.6394,"ARM","Bot","July",0.001,"2017","CTL","CTL-Bot","July"
"279",6143,11.9056,"WHI","Top","July",0.041,"2017","TRT","TRT-Top","July"
"280",6144,14.6118,"WHI","Bot","July",0.042,"2017","CTL","CTL-Bot","July"
"281",6145,10.8945,"SPL","Top","Aug.",0,"2017","TRT","TRT-Top","Aug."
"282",6146,6.9546,"SPL","Bot","Aug.",0.001,"2017","TRT","TRT-Bot","Aug."
"283",6147,4.5571,"SPL","Bot","Aug.",0.009,"2017","CTL","CTL-Bot","Aug."
"284",6148,5.4915,"SPL","Top","Aug.",0.006,"2017","CTL","CTL-Top","Aug."
"285",6149,0.162,"EIA","Bot","Aug.",0.002,"2017","TRT","TRT-Bot","Aug."
"286",6150,0.028,"EIA","Top","Aug.",0.013,"2017","TRT","TRT-Top","Aug."
"287",6151,0.124,"EIA","Bot","Aug.",0.001,"2017","CTL","CTL-Bot","Aug."
"288",6152,6.0768,"RHO","Top","Aug.",0.05,"2017","TRT","TRT-Top","Aug."
"289",6153,9.0433,"RHO","Bot","Aug.",0.031,"2017","TRT","TRT-Bot","Aug."
"290",6154,1.7041,"RHO","Bot","Aug.",0.023,"2017","CTL","CTL-Bot","Aug."
"291",6155,13.1875,"MCN","Bot","Aug.",0.008,"2017","CTL","CTL-Bot","Aug."
"292",6156,1.4883,"MCN","Bot","Aug.",0.02,"2017","TRT","TRT-Bot","Aug."
"293",6157,0.267,"WOR","Top","Aug.",0.005,"2017","TRT","TRT-Top","Aug."
"294",6158,0.3562,"WOR","Bot","Aug.",0.003,"2017","TRT","TRT-Bot","Aug."
"295",6159,0.068,"WOR","Bot","Aug.",0.005,"2017","CTL","CTL-Bot","Aug."
"296",6160,9.5356,"ARM","Top","Aug.",0.015,"2017","TRT","TRT-Top","Aug."
"297",6161,8.3657,"ARM","Bot","Aug.",0.013,"2017","TRT","TRT-Bot","Aug."
"298",6162,11.9506,"ARM","Bot","Aug.",0.009,"2017","CTL","CTL-Bot","Aug."
"299",6163,13.0732,"WHI","Bot","Aug.",0.055,"2017","CTL","CTL-Bot","Aug."
"300",6187,9.808,"SPL","Top","Sept.",0.004,"2017","TRT","TRT-Top","Sept."
"301",6188,7.319,"SPL","Bot","Sept.",0.002,"2017","TRT","TRT-Bot","Sept."
"302",6189,3.719,"SPL","Bot","Sept.",0.001,"2017","CTL","CTL-Bot","Sept."
"303",6190,4.993,"SPL","Top","Sept.",0.002,"2017","CTL","CTL-Top","Sept."
"304",6191,0.145,"EIA","Bot","Sept.",0.003,"2017","TRT","TRT-Bot","Sept."
"305",6192,1.161,"EIA","Top","Sept.",0.016,"2017","TRT","TRT-Top","Sept."
"306",6193,0.378,"EIA","Bot","Sept.",0.004,"2017","CTL","CTL-Bot","Sept."
"307",6194,6.517,"RHO","Top","Sept.",0.039,"2017","TRT","TRT-Top","Sept."
"308",6195,8.611,"RHO","Bot","Sept.",0.032,"2017","TRT","TRT-Bot","Sept."
"309",6196,1.089,"RHO","Bot","Sept.",0.025,"2017","CTL","CTL-Bot","Sept."
"310",6197,13.647,"MCN","Bot","Sept.",0.006,"2017","CTL","CTL-Bot","Sept."
"311",6198,0.883,"MCN","Bot","Sept.",0.015,"2017","TRT","TRT-Bot","Sept."
"312",6199,0.839,"WOR","Top","Sept.",0.009,"2017","TRT","TRT-Top","Sept."
"313",6200,0.617,"WOR","Bot","Sept.",0.004,"2017","TRT","TRT-Bot","Sept."
"314",6201,0.399,"WOR","Bot","Sept.",0.001,"2017","CTL","CTL-Bot","Sept."
"315",6202,10.113,"ARM","Top","Sept.",0.018,"2017","TRT","TRT-Top","Sept."
"316",6203,8.766,"ARM","Bot","Sept.",0.149,"2017","TRT","TRT-Bot","Sept."
"317",6204,13.558,"ARM","Bot","Sept.",0.026,"2017","CTL","CTL-Bot","Sept."
"318",6205,NA,"WHI","Top","Sept.",NA,"2017","TRT","TRT-Top","Sept."
"319",6206,12.443,"WHI","Bot","Sept.",0.051,"2017","CTL","CTL-Bot","Sept."
"320",6207,4.95,"GUT","Top","Sept.",0.024,"2017","TRT","TRT-Top","Sept."
"321",6208,7.626,"GUT","Bot","Sept.",0.018,"2017","TRT","TRT-Bot","Sept."
"322",6209,9.533,"SPL","Top","Oct.",0.004,"2017","TRT","TRT-Top","Oct."
"323",6210,6.722,"SPL","Bot","Oct.",0.002,"2017","TRT","TRT-Bot","Oct."
"324",6211,3.263,"SPL","Bot","Oct.",0.004,"2017","CTL","CTL-Bot","Oct."
"325",6212,4.779,"SPL","Top","Oct.",0.004,"2017","CTL","CTL-Top","Oct."
"326",6213,0.137,"EIA","Bot","Oct.",0.007,"2017","TRT","TRT-Bot","Oct."
"327",6214,0.26,"EIA","Top","Oct.",0.031,"2017","TRT","TRT-Top","Oct."
"328",6215,0.28,"EIA","Bot","Oct.",0.002,"2017","CTL","CTL-Bot","Oct."
"329",6216,2.349,"RHO","Top","Oct.",0.056,"2017","TRT","TRT-Top","Oct."
"330",6217,9.163,"RHO","Bot","Oct.",0.043,"2017","TRT","TRT-Bot","Oct."
"331",6218,0.47,"RHO","Bot","Oct.",0.084,"2017","CTL","CTL-Bot","Oct."
"332",6219,21.15,"MCN","Bot","Oct.",0.006,"2017","CTL","CTL-Bot","Oct."
"333",6220,0.837,"MCN","Bot","Oct.",0.036,"2017","TRT","TRT-Bot","Oct."
"334",6221,1.099,"WOR","Top","Oct.",0.014,"2017","TRT","TRT-Top","Oct."
"335",6222,1.401,"WOR","Bot","Oct.",0.004,"2017","TRT","TRT-Bot","Oct."
"336",6223,0.292,"WOR","Bot","Oct.",0.003,"2017","CTL","CTL-Bot","Oct."
"337",6224,9.602,"ARM","Top","Oct.",0.021,"2017","TRT","TRT-Top","Oct."
"338",6225,6.197,"ARM","Bot","Oct.",0.14,"2017","TRT","TRT-Bot","Oct."
"339",6226,11.189,"ARM","Bot","Oct.",0.033,"2017","CTL","CTL-Bot","Oct."
"340",6227,14.173,"WHI","Bot","Oct.",0.031,"2017","CTL","CTL-Bot","Oct."
"341",6228,7.926,"SPL","Top","Nov.",0.005,"2017","TRT","TRT-Top","Nov."
"342",6229,6.205,"SPL","Bot","Nov.",0.005,"2017","TRT","TRT-Bot","Nov."
"343",6230,2.836,"SPL","Bot","Nov.",0.031,"2017","CTL","CTL-Bot","Nov."
"344",6231,4.841,"SPL","Top","Nov.",0.005,"2017","CTL","CTL-Top","Nov."
"345",6232,0.514,"EIA","Bot","Nov.",0.007,"2017","TRT","TRT-Bot","Nov."
"346",6233,0.399,"EIA","Top","Nov.",0.026,"2017","TRT","TRT-Top","Nov."
"347",6234,0.137,"EIA","Bot","Nov.",0.004,"2017","CTL","CTL-Bot","Nov."
"348",6235,2.408,"RHO","Top","Nov.",0.065,"2017","TRT","TRT-Top","Nov."
"349",6236,9.177,"RHO","Bot","Nov.",0.048,"2017","TRT","TRT-Bot","Nov."
"350",6237,1.331,"RHO","Bot","Nov.",0.043,"2017","CTL","CTL-Bot","Nov."
"351",6238,15.848,"MCN","Bot","Nov.",0.008,"2017","CTL","CTL-Bot","Nov."
"352",6239,0.253,"MCN","Bot","Nov.",0.045,"2017","TRT","TRT-Bot","Nov."
"353",6240,5.645,"WOR","Top","Nov.",0.016,"2017","TRT","TRT-Top","Nov."
"354",6241,0.986,"WOR","Bot","Nov.",0.006,"2017","TRT","TRT-Bot","Nov."
"355",6242,0.49,"WOR","Bot","Nov.",0.006,"2017","CTL","CTL-Bot","Nov."
"356",6243,10.001,"ARM","Top","Nov.",0.025,"2017","TRT","TRT-Top","Nov."
"357",6244,4.562,"ARM","Bot","Nov.",0.184,"2017","TRT","TRT-Bot","Nov."
"358",6245,10.873,"ARM","Bot","Nov.",0.016,"2017","CTL","CTL-Bot","Nov."
"359",6246,10.605,"WHI","Bot","Nov.",0.075,"2017","CTL","CTL-Bot","Nov."
"360",6271,8.936,"SPL","Top","Dec.",0.005,"2017","TRT","TRT-Top","Dec."
"361",6272,6.338,"SPL","Bot","Dec.",0.004,"2017","TRT","TRT-Bot","Dec."
"362",6273,2.718,"SPL","Bot","Dec.",0.003,"2017","CTL","CTL-Bot","Dec."
"363",6274,4.53,"SPL","Top","Dec.",0.005,"2017","CTL","CTL-Top","Dec."
"364",6275,0.136,"EIA","Bot","Dec.",0.009,"2017","TRT","TRT-Bot","Dec."
"365",6276,0.197,"EIA","Top","Dec.",0.023,"2017","TRT","TRT-Top","Dec."
"366",6277,0.119,"EIA","Bot","Dec.",0.004,"2017","CTL","CTL-Bot","Dec."
"367",6278,1.615,"RHO","Top","Dec.",0.061,"2017","TRT","TRT-Top","Dec."
"368",6279,9.258,"RHO","Bot","Dec.",0.036,"2017","TRT","TRT-Bot","Dec."
"369",6280,1.591,"RHO","Bot","Dec.",0.06,"2017","CTL","CTL-Bot","Dec."
"370",6281,14.399,"MCN","Bot","Dec.",0.009,"2017","CTL","CTL-Bot","Dec."
"371",6282,0.899,"MCN","Bot","Dec.",0.038,"2017","TRT","TRT-Bot","Dec."
"372",6283,5.555,"WOR","Top","Dec.",0.014,"2017","TRT","TRT-Top","Dec."
"373",6284,1.225,"WOR","Bot","Dec.",0.005,"2017","TRT","TRT-Bot","Dec."
"374",6285,0.359,"WOR","Bot","Dec.",0.004,"2017","CTL","CTL-Bot","Dec."
"375",6286,9.977,"ARM","Top","Dec.",0.016,"2017","TRT","TRT-Top","Dec."
"376",6287,4.222,"ARM","Bot","Dec.",0.167,"2017","TRT","TRT-Bot","Dec."
"377",6288,11.697,"ARM","Bot","Dec.",0.009,"2017","CTL","CTL-Bot","Dec."
"378",6289,NA,"WHI","Bot","Dec.",NA,"2017","TRT","TRT-Bot","Dec."
"379",6290,4.068,"GUT","Top","Dec.",0.007,"2017","TRT","TRT-Top","Dec."
"380",6291,7.967,"GUT","Bot","Dec.",0.013,"2017","TRT","TRT-Bot","Dec."
"381",7000,9.131,"ARM","Top","Jan.",0.027,"2018","TRT","TRT-Top","Jan."
"382",7001,5.735,"ARM","Bot","Jan.",0.146,"2018","TRT","TRT-Bot","Jan."
"383",7002,11.338,"ARM","Bot","Jan.",0.019,"2018","CTL","CTL-Bot","Jan."
"384",7003,0.031,"EIA","Bot","Jan.",0.004,"2018","TRT","TRT-Bot","Jan."
"385",7004,0.254,"EIA","Top","Jan.",0.028,"2018","TRT","TRT-Top","Jan."
"386",7005,0.334,"EIA","Bot","Jan.",0.001,"2018","CTL","CTL-Bot","Jan."
"387",7006,14.045,"MCN","Bot","Jan.",0.008,"2018","CTL","CTL-Bot","Jan."
"388",7007,1.283,"MCN","Bot","Jan.",0.023,"2018","TRT","TRT-Bot","Jan."
"389",7008,0.578,"RHO","Top","Jan.",0.058,"2018","TRT","TRT-Top","Jan."
"390",7009,9.028,"RHO","Bot","Jan.",0.051,"2018","TRT","TRT-Bot","Jan."
"391",7010,5.492,"RHO","Bot","Jan.",0.05,"2018","CTL","CTL-Bot","Jan."
"392",7011,8.384,"SPL","Top","Jan.",0.002,"2018","TRT","TRT-Top","Jan."
"393",7012,6.97,"SPL","Bot","Jan.",0.002,"2018","TRT","TRT-Bot","Jan."
"394",7013,3.178,"SPL","Bot","Jan.",0.001,"2018","CTL","CTL-Bot","Jan."
"395",7014,6.247,"SPL","Top","Jan.",0.003,"2018","CTL","CTL-Top","Jan."
"396",7015,14.911,"WHI","Bot","Jan.",0.052,"2018","CTL","CTL-Bot","Jan."
"397",7016,5.531,"WOR","Top","Jan.",0.017,"2018","TRT","TRT-Top","Jan."
"398",7017,1.827,"WOR","Bot","Jan.",0.003,"2018","TRT","TRT-Bot","Jan."
"399",7018,0.274,"WOR","Bot","Jan.",0.005,"2018","CTL","CTL-Bot","Jan."
"400",7019,9.181,"ARM","Top","Feb.",0.014,"2018","TRT","TRT-Top","Feb."
"401",7020,4.743,"ARM","Bot","Feb.",0.15,"2018","TRT","TRT-Bot","Feb."
"402",7021,11.271,"ARM","Bot","Feb.",0.054,"2018","CTL","CTL-Bot","Feb."
"403",7022,NA,"EIA","Bot","Feb.",NA,"2018","TRT","TRT-Bot","Feb."
"404",7023,0.471,"EIA","Top","Feb.",0.039,"2018","TRT","TRT-Top","Feb."
"405",7024,0.199,"EIA","Bot","Feb.",0.008,"2018","CTL","CTL-Bot","Feb."
"406",7025,14.522,"MCN","Bot","Feb.",0.008,"2018","CTL","CTL-Bot","Feb."
"407",7026,1.662,"MCN","Bot","Feb.",0.03,"2018","TRT","TRT-Bot","Feb."
"408",7027,0.636,"RHO","Top","Feb.",0.052,"2018","TRT","TRT-Top","Feb."
"409",7028,9.019,"RHO","Bot","Feb.",0.028,"2018","TRT","TRT-Bot","Feb."
"410",7029,3.069,"RHO","Bot","Feb.",0.022,"2018","CTL","CTL-Bot","Feb."
"411",7030,3.062,"SPL","Bot","Feb.",0.003,"2018","CTL","CTL-Bot","Feb."
"412",7031,14.812,"WHI","Bot","Feb.",0.04,"2018","CTL","CTL-Bot","Feb."
"413",7032,6.848,"WOR","Top","Feb.",0.013,"2018","TRT","TRT-Top","Feb."
"414",7033,1.645,"WOR","Bot","Feb.",0.005,"2018","TRT","TRT-Bot","Feb."
"415",7034,0.162,"WOR","Bot","Feb.",0.003,"2018","CTL","CTL-Bot","Feb."
"416",7035,9.241,"ARM","Top","Mar.",0.018,"2018","TRT","TRT-Top","Mar."
"417",7036,4.755,"ARM","Bot","Mar.",0.146,"2018","TRT","TRT-Bot","Mar."
"418",7037,8.409,"ARM","Bot","Mar.",0.218,"2018","CTL","CTL-Bot","Mar."
"419",7038,0.469,"EIA","Bot","Mar.",0.502,"2018","TRT","TRT-Bot","Mar."
"420",7039,0.299,"EIA","Top","Mar.",0.024,"2018","TRT","TRT-Top","Mar."
"421",7040,0.298,"EIA","Bot","Mar.",0.004,"2018","CTL","CTL-Bot","Mar."
"422",7041,14.563,"MCN","Bot","Mar.",0.005,"2018","CTL","CTL-Bot","Mar."
"423",7042,0.877,"MCN","Bot","Mar.",0.019,"2018","TRT","TRT-Bot","Mar."
"424",7043,0.631,"RHO","Top","Mar.",0.04,"2018","TRT","TRT-Top","Mar."
"425",7044,9.346,"RHO","Bot","Mar.",0.02,"2018","TRT","TRT-Bot","Mar."
"426",7045,1.004,"RHO","Bot","Mar.",0.025,"2018","CTL","CTL-Bot","Mar."
"427",7046,3.011,"SPL","Bot","Mar.",0.059,"2018","CTL","CTL-Bot","Mar."
"428",7047,7.509,"SPL","Top","Mar.",0.001,"2018","CTL","CTL-Top","Mar."
"429",7048,15.531,"WHI","Bot","Mar.",0.041,"2018","CTL","CTL-Bot","Mar."
"430",7049,6.322,"WOR","Top","Mar.",0.005,"2018","TRT","TRT-Top","Mar."
"431",7050,1.874,"WOR","Bot","Mar.",0.002,"2018","TRT","TRT-Bot","Mar."
"432",7051,0.223,"WOR","Bot","Mar.",0.002,"2018","CTL","CTL-Bot","Mar."
"433",7052,4.056,"GUT","Top","Mar.",0.028,"2018","TRT","TRT-Top","Mar."
"434",7053,7.857,"GUT","Bot","Mar.",0.02,"2018","TRT","TRT-Bot","Mar."
"435",7054,10.647,"ARM","Top","Apr.",0,"2018","TRT","TRT-Top","Apr."
"436",7055,3.72,"ARM","Bot","Apr.",0.129,"2018","TRT","TRT-Bot","Apr."
"437",7056,9.216,"ARM","Bot","Apr.",0.085,"2018","CTL","CTL-Bot","Apr."
"438",7057,0.695,"EIA","Bot","Apr.",0.083,"2018","TRT","TRT-Bot","Apr."
"439",7058,0.145,"EIA","Top","Apr.",0.034,"2018","TRT","TRT-Top","Apr."
"440",7059,0.13,"EIA","Bot","Apr.",0.001,"2018","CTL","CTL-Bot","Apr."
"441",7060,13.834,"MCN","Bot","Apr.",0,"2018","CTL","CTL-Bot","Apr."
"442",7061,0.796,"MCN","Bot","Apr.",0.017,"2018","TRT","TRT-Bot","Apr."
"443",7062,1.103,"RHO","Top","Apr.",0.071,"2018","TRT","TRT-Top","Apr."
"444",7063,8.869,"RHO","Bot","Apr.",0.037,"2018","TRT","TRT-Bot","Apr."
"445",7064,0.737,"RHO","Bot","Apr.",0.036,"2018","CTL","CTL-Bot","Apr."
"446",7065,2.793,"SPL","Bot","Apr.",0.004,"2018","CTL","CTL-Bot","Apr."
"447",7066,6.5,"SPL","Top","Apr.",0.001,"2018","CTL","CTL-Top","Apr."
"448",7067,5.894,"SPL","Top","Apr.",0.001,"2018","TRT","TRT-Top","Apr."
"449",7068,4.57,"SPL","Bot","Apr.",0.003,"2018","TRT","TRT-Bot","Apr."
"450",7069,16.533,"WHI","Bot","Apr.",0.036,"2018","CTL","CTL-Bot","Apr."
"451",7070,7.437,"WOR","Top","Apr.",0.005,"2018","TRT","TRT-Top","Apr."
"452",7071,2.55,"WOR","Bot","Apr.",0.007,"2018","TRT","TRT-Bot","Apr."
"453",7072,0.372,"WOR","Bot","Apr.",0.005,"2018","CTL","CTL-Bot","Apr."
"454",7073,9.429,"ARM","Top","May",0.01,"2018","TRT","TRT-Top","May"
"455",7074,3.071,"ARM","Bot","May",0.16,"2018","TRT","TRT-Bot","May"
"456",7075,10.711,"ARM","Bot","May",0.085,"2018","CTL","CTL-Bot","May"
"457",7076,0.289,"EIA","Bot","May",0.057,"2018","TRT","TRT-Bot","May"
"458",7077,0.105,"EIA","Top","May",0.024,"2018","TRT","TRT-Top","May"
"459",7078,0.1,"EIA","Bot","May",0,"2018","CTL","CTL-Bot","May"
"460",7079,14.447,"MCN","Bot","May",0.001,"2018","CTL","CTL-Bot","May"
"461",7080,1.277,"MCN","Bot","May",0.05,"2018","TRT","TRT-Bot","May"
"462",7081,1.425,"RHO","Top","May",0.028,"2018","TRT","TRT-Top","May"
"463",7082,9.062,"RHO","Bot","May",0.012,"2018","TRT","TRT-Bot","May"
"464",7083,4.728,"RHO","Bot","May",0.013,"2018","CTL","CTL-Bot","May"
"465",7084,5.97,"SPL","Top","May",0.003,"2018","TRT","TRT-Top","May"
"466",7085,3.736,"SPL","Bot","May",0.001,"2018","TRT","TRT-Bot","May"
"467",7086,2.717,"SPL","Bot","May",0,"2018","CTL","CTL-Bot","May"
"468",7087,6.022,"SPL","Top","May",-0.001,"2018","CTL","CTL-Top","May"
"469",7088,2.255,"WHI","Top","May",0.014,"2018","TRT","TRT-Top","May"
"470",7089,0.535,"WHI","Bot","May",0.046,"2018","TRT","TRT-Bot","May"
"471",7090,17.764,"WHI","Bot","May",0.029,"2018","CTL","CTL-Bot","May"
"472",7091,9.277,"WOR","Top","May",0.014,"2018","TRT","TRT-Top","May"
"473",7092,3.054,"WOR","Bot","May",0.001,"2018","TRT","TRT-Bot","May"
"474",7093,0.368,"WOR","Bot","May",0.001,"2018","CTL","CTL-Bot","May"
"475",7094,9.949,"ARM","Top","June",0.01,"2018","TRT","TRT-Top","June"
"476",7095,2.369,"ARM","Bot","June",0.173,"2018","TRT","TRT-Bot","June"
"477",7096,9.912,"ARM","Bot","June",0.008,"2018","CTL","CTL-Bot","June"
"478",7097,0.184,"EIA","Bot","June",0.037,"2018","TRT","TRT-Bot","June"
"479",7098,0.15,"EIA","Top","June",0.019,"2018","TRT","TRT-Top","June"
"480",7099,0.143,"EIA","Bot","June",0,"2018","CTL","CTL-Bot","June"
"481",7100,14.601,"MCN","Bot","June",0.004,"2018","CTL","CTL-Bot","June"
"482",7101,0.894,"MCN","Bot","June",0.044,"2018","TRT","TRT-Bot","June"
"483",7102,4.993,"RHO","Top","June",0.043,"2018","TRT","TRT-Top","June"
"484",7103,9.024,"RHO","Bot","June",0.056,"2018","TRT","TRT-Bot","June"
"485",7104,4.633,"RHO","Bot","June",0.03,"2018","CTL","CTL-Bot","June"
"486",7105,6.123,"SPL","Top","June",0.001,"2018","TRT","TRT-Top","June"
"487",7106,3.479,"SPL","Bot","June",0.001,"2018","TRT","TRT-Bot","June"
"488",7107,2.71,"SPL","Bot","June",0,"2018","CTL","CTL-Bot","June"
"489",7108,6.099,"SPL","Top","June",0.001,"2018","CTL","CTL-Top","June"
"490",7109,5.676,"WHI","Top","June",0.023,"2018","TRT","TRT-Top","June"
"491",7110,16.974,"WHI","Bot","June",0.044,"2018","CTL","CTL-Bot","June"
"492",7111,5.136,"WOR","Top","June",0.008,"2018","TRT","TRT-Top","June"
"493",7112,1.976,"WOR","Bot","June",0,"2018","TRT","TRT-Bot","June"
"494",7113,0.203,"WOR","Bot","June",0.002,"2018","CTL","CTL-Bot","June"
"495",7114,8.018,"GUT","Top","June",0.003,"2018","TRT","TRT-Top","June"
"496",7115,8.373,"GUT","Bot","June",0.001,"2018","TRT","TRT-Bot","June"
"497",7116,9.925,"ARM","Top","July",0.007,"2018","TRT","TRT-Top","July"
"498",7117,2.648,"ARM","Bot","July",0.148,"2018","TRT","TRT-Bot","July"
"499",7118,11.342,"ARM","Bot","July",0.018,"2018","CTL","CTL-Bot","July"
"500",7119,0.196,"EIA","Bot","July",0.026,"2018","TRT","TRT-Bot","July"
"501",7120,0.127,"EIA","Top","July",0.029,"2018","TRT","TRT-Top","July"
"502",7121,0.104,"EIA","Bot","July",0.001,"2018","CTL","CTL-Bot","July"
"503",7122,14.484,"MCN","Bot","July",0.002,"2018","CTL","CTL-Bot","July"
"504",7123,0.805,"MCN","Bot","July",0.028,"2018","TRT","TRT-Bot","July"
"505",7124,7.915,"RHO","Top","July",0.038,"2018","TRT","TRT-Top","July"
"506",7125,9.841,"RHO","Bot","July",0.011,"2018","TRT","TRT-Bot","July"
"507",7126,7.602,"RHO","Bot","July",0.054,"2018","CTL","CTL-Bot","July"
"508",7127,7.242,"SPL","Top","July",0.001,"2018","TRT","TRT-Top","July"
"509",7128,3.706,"SPL","Bot","July",0.002,"2018","TRT","TRT-Bot","July"
"510",7129,2.894,"SPL","Bot","July",0.012,"2018","CTL","CTL-Bot","July"
"511",7130,7.648,"SPL","Top","July",0.002,"2018","CTL","CTL-Top","July"
"512",7131,1.369,"WHI","Top","July",0.044,"2018","TRT","TRT-Top","July"
"513",7132,0.478,"WHI","Bot","July",0.058,"2018","TRT","TRT-Bot","July"
"514",7133,14.795,"WHI","Bot","July",0.054,"2018","CTL","CTL-Bot","July"
"515",7134,8.265,"WOR","Top","July",0.014,"2018","TRT","TRT-Top","July"
"516",7135,1.899,"WOR","Bot","July",0.004,"2018","TRT","TRT-Bot","July"
"517",7136,0.43,"WOR","Bot","July",0.006,"2018","CTL","CTL-Bot","July"
"518",7137,9.629,"ARM","Top","Aug.",0.025,"2018","TRT","TRT-Top","Aug."
"519",7138,1.501,"ARM","Bot","Aug.",0.203,"2018","TRT","TRT-Bot","Aug."
"520",7139,11.133,"ARM","Bot","Aug.",0.061,"2018","CTL","CTL-Bot","Aug."
"521",7140,0.367,"EIA","Bot","Aug.",0.04,"2018","TRT","TRT-Bot","Aug."
"522",7141,0.371,"EIA","Top","Aug.",0.038,"2018","TRT","TRT-Top","Aug."
"523",7142,0.273,"EIA","Bot","Aug.",0.001,"2018","CTL","CTL-Bot","Aug."
"524",7143,12.831,"MCN","Bot","Aug.",0.004,"2018","CTL","CTL-Bot","Aug."
"525",7144,0.785,"MCN","Bot","Aug.",0.051,"2018","TRT","TRT-Bot","Aug."
"526",7145,5.49,"RHO","Top","Aug.",0.046,"2018","TRT","TRT-Top","Aug."
"527",7146,9.474,"RHO","Bot","Aug.",0.007,"2018","TRT","TRT-Bot","Aug."
"528",7147,1.445,"RHO","Bot","Aug.",0.013,"2018","CTL","CTL-Bot","Aug."
"529",7148,7.854,"SPL","Top","Aug.",0.002,"2018","TRT","TRT-Top","Aug."
"530",7149,3.422,"SPL","Bot","Aug.",0.002,"2018","TRT","TRT-Bot","Aug."
"531",7150,1.767,"SPL","Bot","Aug.",0.008,"2018","CTL","CTL-Bot","Aug."
"532",7151,9.487,"SPL","Top","Aug.",0.003,"2018","CTL","CTL-Top","Aug."
"533",7152,16.867,"WHI","Bot","Aug.",0.06,"2018","CTL","CTL-Bot","Aug."
"534",7153,1.119,"WOR","Top","Aug.",0.003,"2018","TRT","TRT-Top","Aug."
"535",7154,1.086,"WOR","Bot","Aug.",0.003,"2018","TRT","TRT-Bot","Aug."
"536",7155,0.273,"WOR","Bot","Aug.",0.005,"2018","CTL","CTL-Bot","Aug."
"537",7156,9.822,"ARM","Top","Sept.",0.027,"2018","TRT","TRT-Top","Sept."
"538",7157,1.414,"ARM","Bot","Sept.",0.202,"2018","TRT","TRT-Bot","Sept."
"539",7158,9.33,"ARM","Bot","Sept.",0.027,"2018","CTL","CTL-Bot","Sept."
"540",7159,0.331,"EIA","Bot","Sept.",0.019,"2018","TRT","TRT-Bot","Sept."
"541",7160,0.286,"EIA","Top","Sept.",0.05,"2018","TRT","TRT-Top","Sept."
"542",7161,0.307,"EIA","Bot","Sept.",0.003,"2018","CTL","CTL-Bot","Sept."
"543",7162,13.23,"MCN","Bot","Sept.",0.003,"2018","CTL","CTL-Bot","Sept."
"544",7163,0.704,"MCN","Bot","Sept.",0.029,"2018","TRT","TRT-Bot","Sept."
"545",7164,5.013,"RHO","Top","Sept.",0.051,"2018","TRT","TRT-Top","Sept."
"546",7165,9.991,"RHO","Bot","Sept.",0.031,"2018","TRT","TRT-Bot","Sept."
"547",7166,4.609,"RHO","Bot","Sept.",0.048,"2018","CTL","CTL-Bot","Sept."
"548",7167,8.385,"SPL","Top","Sept.",0.002,"2018","TRT","TRT-Top","Sept."
"549",7168,3.364,"SPL","Bot","Sept.",0.003,"2018","TRT","TRT-Bot","Sept."
"550",7169,1.771,"SPL","Bot","Sept.",0.006,"2018","CTL","CTL-Bot","Sept."
"551",7170,8.312,"SPL","Top","Sept.",0.002,"2018","CTL","CTL-Top","Sept."
"552",7171,13.262,"WHI","Bot","Sept.",0.078,"2018","CTL","CTL-Bot","Sept."
"553",7172,1.417,"WOR","Top","Sept.",0.032,"2018","TRT","TRT-Top","Sept."
"554",7173,1.269,"WOR","Bot","Sept.",0.003,"2018","TRT","TRT-Bot","Sept."
"555",7174,0.265,"WOR","Bot","Sept.",0.004,"2018","CTL","CTL-Bot","Sept."
"556",7175,7.123,"GUT","Top","Sept.",0.006,"2018","TRT","TRT-Top","Sept."
"557",7176,7.801,"GUT","Bot","Sept.",0.005,"2018","TRT","TRT-Bot","Sept."
"558",7177,9.272,"ARM","Top","Oct.",0.009,"2018","TRT","TRT-Top","Oct."
"559",7178,1.132,"ARM","Bot","Oct.",0.194,"2018","TRT","TRT-Bot","Oct."
"560",7179,8.095,"ARM","Bot","Oct.",0.012,"2018","CTL","CTL-Bot","Oct."
"561",7180,0.219,"EIA","Bot","Oct.",0.01,"2018","TRT","TRT-Bot","Oct."
"562",7181,0.101,"EIA","Top","Oct.",0.013,"2018","TRT","TRT-Top","Oct."
"563",7182,0.168,"EIA","Bot","Oct.",0.002,"2018","CTL","CTL-Bot","Oct."
"564",7183,13.051,"MCN","Bot","Oct.",0.006,"2018","CTL","CTL-Bot","Oct."
"565",7184,1.063,"MCN","Bot","Oct.",0.048,"2018","TRT","TRT-Bot","Oct."
"566",7185,1.964,"RHO","Top","Oct.",0.018,"2018","TRT","TRT-Top","Oct."
"567",7186,9.459,"RHO","Bot","Oct.",0.008,"2018","TRT","TRT-Bot","Oct."
"568",7187,5.184,"RHO","Bot","Oct.",0.024,"2018","CTL","CTL-Bot","Oct."
"569",7188,9.012,"SPL","Top","Oct.",0.002,"2018","TRT","TRT-Top","Oct."
"570",7189,3.713,"SPL","Bot","Oct.",0.003,"2018","TRT","TRT-Bot","Oct."
"571",7190,1.458,"SPL","Bot","Oct.",0.001,"2018","CTL","CTL-Bot","Oct."
"572",7191,7.103,"SPL","Top","Oct.",0.002,"2018","CTL","CTL-Top","Oct."
"573",7192,0.732,"WHI","Top","Oct.",0.041,"2018","TRT","TRT-Top","Oct."
"574",7193,0.299,"WHI","Bot","Oct.",0.06,"2018","TRT","TRT-Bot","Oct."
"575",7194,16.171,"WHI","Bot","Oct.",0.068,"2018","CTL","CTL-Bot","Oct."
"576",7195,1.498,"WOR","Top","Oct.",0.011,"2018","TRT","TRT-Top","Oct."
"577",7196,1.149,"WOR","Bot","Oct.",0.002,"2018","TRT","TRT-Bot","Oct."
"578",7197,0.271,"WOR","Bot","Oct.",0.004,"2018","CTL","CTL-Bot","Oct."
"579",7198,8.007,"ARM","Top","Nov.",0.011,"2018","TRT","TRT-Top","Nov."
"580",7199,1.259,"ARM","Bot","Nov.",0.176,"2018","TRT","TRT-Bot","Nov."
"581",7200,7.205,"ARM","Bot","Nov.",0.018,"2018","CTL","CTL-Bot","Nov."
"582",7201,0.266,"EIA","Bot","Nov.",0.02,"2018","TRT","TRT-Bot","Nov."
"583",7202,0.495,"EIA","Top","Nov.",0.041,"2018","TRT","TRT-Top","Nov."
"584",7203,0.143,"EIA","Bot","Nov.",0.004,"2018","CTL","CTL-Bot","Nov."
"585",7204,13.259,"MCN","Bot","Nov.",0.006,"2018","CTL","CTL-Bot","Nov."
"586",7205,0.998,"MCN","Bot","Nov.",0.026,"2018","TRT","TRT-Bot","Nov."
"587",7206,1.892,"RHO","Top","Nov.",0.052,"2018","TRT","TRT-Top","Nov."
"588",7207,9.436,"RHO","Bot","Nov.",0.046,"2018","TRT","TRT-Bot","Nov."
"589",7208,4.65,"RHO","Bot","Nov.",0.027,"2018","CTL","CTL-Bot","Nov."
"590",7209,6.93,"SPL","Top","Nov.",0.003,"2018","TRT","TRT-Top","Nov."
"591",7210,3.817,"SPL","Bot","Nov.",0.002,"2018","TRT","TRT-Bot","Nov."
"592",7211,1.262,"SPL","Bot","Nov.",0.003,"2018","CTL","CTL-Bot","Nov."
"593",7212,4.008,"SPL","Top","Nov.",0.003,"2018","CTL","CTL-Top","Nov."
"594",7213,3.97,"WHI","Top","Nov.",0.03,"2018","TRT","TRT-Top","Nov."
"595",7214,0.744,"WHI","Bot","Nov.",0.051,"2018","TRT","TRT-Bot","Nov."
"596",7215,13.721,"WHI","Bot","Nov.",0.075,"2018","CTL","CTL-Bot","Nov."
"597",7216,0.901,"WOR","Top","Nov.",0.026,"2018","TRT","TRT-Top","Nov."
"598",7217,1.062,"WOR","Bot","Nov.",0.004,"2018","TRT","TRT-Bot","Nov."
"599",7218,0.389,"WOR","Bot","Nov.",0.006,"2018","CTL","CTL-Bot","Nov."
"600",7219,7.882,"ARM","Top","Dec.",0.012,"2018","TRT","TRT-Top","Dec."
"601",7220,1.424,"ARM","Bot","Dec.",0.169,"2018","TRT","TRT-Bot","Dec."
"602",7221,8,"ARM","Bot","Dec.",0.018,"2018","CTL","CTL-Bot","Dec."
"603",7222,14.796,"MCN","Bot","Dec.",0.006,"2018","CTL","CTL-Bot","Dec."
"604",7223,1.324,"MCN","Bot","Dec.",0.024,"2018","TRT","TRT-Bot","Dec."
"605",7224,0.961,"RHO","Top","Dec.",0.064,"2018","TRT","TRT-Top","Dec."
"606",7225,10.445,"RHO","Bot","Dec.",0.043,"2018","TRT","TRT-Bot","Dec."
"607",7226,0.166,"RHO","Bot","Dec.",0.016,"2018","CTL","CTL-Bot","Dec."
"608",7227,9.116,"SPL","Top","Dec.",0.003,"2018","TRT","TRT-Top","Dec."
"609",7228,4.074,"SPL","Bot","Dec.",0.002,"2018","TRT","TRT-Bot","Dec."
"610",7229,1.545,"SPL","Bot","Dec.",0.003,"2018","CTL","CTL-Bot","Dec."
"611",7230,3.575,"SPL","Top","Dec.",0.003,"2018","CTL","CTL-Top","Dec."
"612",7231,5.935,"WHI","Top","Dec.",0.038,"2018","TRT","TRT-Top","Dec."
"613",7232,1.231,"WHI","Bot","Dec.",0.051,"2018","TRT","TRT-Bot","Dec."
"614",7233,16.132,"WHI","Bot","Dec.",0.057,"2018","CTL","CTL-Bot","Dec."
"615",7234,1.076,"WOR","Top","Dec.",0.027,"2018","TRT","TRT-Top","Dec."
"616",7235,1.438,"WOR","Bot","Dec.",0.007,"2018","TRT","TRT-Bot","Dec."
"617",7236,0.415,"WOR","Bot","Dec.",0.005,"2018","CTL","CTL-Bot","Dec."
"618",7237,3.863,"GUT","Top","Dec.",0.005,"2018","TRT","TRT-Top","Dec."
"619",7238,6.406,"GUT","Bot","Dec.",0.004,"2018","TRT","TRT-Bot","Dec."
"620",8000,8.017,"ARM","Top","Jan.",0.014,"2019","TRT","TRT-Top","Jan."
"621",8001,1.604,"ARM","Bot","Jan.",0.133,"2019","TRT","TRT-Bot","Jan."
"622",8002,7.943,"ARM","Bot","Jan.",0.007,"2019","CTL","CTL-Bot","Jan."
"623",8003,0.959,"MCN","Bot","Jan.",0.015,"2019","TRT","TRT-Bot","Jan."
"624",8004,0.797,"RHO","Top","Jan.",0.041,"2019","TRT","TRT-Top","Jan."
"625",8005,0.174,"RHO","Bot","Jan.",0.013,"2019","CTL","CTL-Bot","Jan."
"626",8006,8.214,"SPL","Top","Jan.",0,"2019","TRT","TRT-Top","Jan."
"627",8007,3.342,"SPL","Bot","Jan.",0,"2019","TRT","TRT-Bot","Jan."
"628",8008,1.605,"SPL","Bot","Jan.",0.005,"2019","CTL","CTL-Bot","Jan."
"629",8009,3.659,"SPL","Top","Jan.",0.002,"2019","CTL","CTL-Top","Jan."
"630",8010,2.989,"WHI","Top","Jan.",0.024,"2019","TRT","TRT-Top","Jan."
"631",8011,1.801,"WHI","Bot","Jan.",0.025,"2019","TRT","TRT-Bot","Jan."
"632",8012,13.928,"WHI","Bot","Jan.",0.04,"2019","CTL","CTL-Bot","Jan."
"633",8013,3.792,"WOR","Top","Jan.",0.01,"2019","TRT","TRT-Top","Jan."
"634",8014,2.354,"WOR","Bot","Jan.",0.003,"2019","TRT","TRT-Bot","Jan."
"635",8015,0.292,"WOR","Bot","Jan.",0.001,"2019","CTL","CTL-Bot","Jan."
"636",8016,8.422,"ARM","Top","Feb.",0.016,"2019","TRT","TRT-Top","Feb."
"637",8017,2.941,"ARM","Bot","Feb.",0.14,"2019","TRT","TRT-Bot","Feb."
"638",8018,7.812,"ARM","Bot","Feb.",0.011,"2019","CTL","CTL-Bot","Feb."
"639",8019,7.851,"ARM","Top","Mar.",0.018,"2019","TRT","TRT-Top","Mar."
"640",8020,3.085,"ARM","Bot","Mar.",0.158,"2019","TRT","TRT-Bot","Mar."
"641",8021,9.895,"ARM","Bot","Mar.",0.01,"2019","CTL","CTL-Bot","Mar."
"642",8022,13.551,"MCN","Bot","Mar.",0.004,"2019","CTL","CTL-Bot","Mar."
"643",8023,1.797,"MCN","Bot","Mar.",0.032,"2019","TRT","TRT-Bot","Mar."
"644",8024,1.07,"RHO","Top","Mar.",0.066,"2019","TRT","TRT-Top","Mar."
"645",8025,8.615,"RHO","Bot","Mar.",0.139,"2019","TRT","TRT-Bot","Mar."
"646",8026,4.617,"SPL","Top","Mar.",0.003,"2019","TRT","TRT-Top","Mar."
"647",8027,4.489,"SPL","Top","Mar.",0.004,"2019","CTL","CTL-Top","Mar."
"648",8028,3.036,"WHI","Top","Mar.",0.037,"2019","TRT","TRT-Top","Mar."
"649",8029,1.595,"WHI","Bot","Mar.",0.061,"2019","TRT","TRT-Bot","Mar."
"650",8030,14.11,"WHI","Bot","Mar.",0.042,"2019","CTL","CTL-Bot","Mar."
"651",8031,6.437,"WOR","Top","Mar.",0.121,"2019","TRT","TRT-Top","Mar."
"652",8032,1.841,"WOR","Bot","Mar.",0.014,"2019","TRT","TRT-Bot","Mar."
"653",8033,0.251,"WOR","Bot","Mar.",0.005,"2019","CTL","CTL-Bot","Mar."
"654",8034,2.499,"GUT","Top","Mar.",0.002,"2019","TRT","TRT-Top","Mar."
"655",8035,6.008,"GUT","Bot","Mar.",0.001,"2019","TRT","TRT-Bot","Mar."
"656",8036,7.045,"ARM","Top","Apr.",0.014,"2019","TRT","TRT-Top","Apr."
"657",8037,3.084,"ARM","Bot","Apr.",0.172,"2019","TRT","TRT-Bot","Apr."
"658",8038,8.685,"ARM","Bot","Apr.",0.006,"2019","CTL","CTL-Bot","Apr."
"659",8039,12.596,"MCN","Bot","Apr.",0.003,"2019","CTL","CTL-Bot","Apr."
"660",8040,1.776,"MCN","Bot","Apr.",0.028,"2019","TRT","TRT-Bot","Apr."
"661",8041,0.675,"RHO","Top","Apr.",0.057,"2019","TRT","TRT-Top","Apr."
"662",8042,9.185,"RHO","Bot","Apr.",0.144,"2019","TRT","TRT-Bot","Apr."
"663",8043,0.704,"RHO","Bot","Apr.",0.055,"2019","CTL","CTL-Bot","Apr."
"664",8044,6.442,"SPL","Top","Apr.",0.003,"2019","TRT","TRT-Top","Apr."
"665",8045,2.175,"SPL","Bot","Apr.",0.067,"2019","TRT","TRT-Bot","Apr."
"666",8046,1.129,"SPL","Bot","Apr.",0.099,"2019","CTL","CTL-Bot","Apr."
"667",8047,4.243,"SPL","Top","Apr.",0.002,"2019","CTL","CTL-Top","Apr."
"668",8048,3.172,"WHI","Top","Apr.",0.037,"2019","TRT","TRT-Top","Apr."
"669",8049,14.043,"WHI","Bot","Apr.",0.048,"2019","CTL","CTL-Bot","Apr."
"670",8050,3.445,"WOR","Top","Apr.",0.13,"2019","TRT","TRT-Top","Apr."
"671",8051,1.963,"WOR","Bot","Apr.",0.003,"2019","TRT","TRT-Bot","Apr."
"672",8052,0.26,"WOR","Bot","Apr.",0.005,"2019","CTL","CTL-Bot","Apr."
"673",8053,7.424,"ARM","Top","May",0.016,"2019","TRT","TRT-Top","May"
"674",8054,4.023,"ARM","Bot","May",0.156,"2019","TRT","TRT-Bot","May"
"675",8055,9.244,"ARM","Bot","May",0.017,"2019","CTL","CTL-Bot","May"
"676",8056,13.743,"MCN","Bot","May",0.002,"2019","CTL","CTL-Bot","May"
"677",8057,2.562,"MCN","Bot","May",0.023,"2019","TRT","TRT-Bot","May"
"678",8058,1.164,"RHO","Top","May",0.073,"2019","TRT","TRT-Top","May"
"679",8059,9.032,"RHO","Bot","May",0.079,"2019","TRT","TRT-Bot","May"
"680",8060,0.638,"RHO","Bot","May",0.03,"2019","CTL","CTL-Bot","May"
"681",8061,6.749,"SPL","Top","May",0.01,"2019","TRT","TRT-Top","May"
"682",8062,3.129,"SPL","Bot","May",0.036,"2019","TRT","TRT-Bot","May"
"683",8063,1.86,"SPL","Bot","May",0.047,"2019","CTL","CTL-Bot","May"
"684",8064,4.678,"SPL","Top","May",0.005,"2019","CTL","CTL-Top","May"
"685",8065,3.004,"WHI","Top","May",0.041,"2019","TRT","TRT-Top","May"
"686",8066,14.646,"WHI","Bot","May",0.046,"2019","CTL","CTL-Bot","May"
"687",8067,3.852,"WOR","Top","May",0.065,"2019","TRT","TRT-Top","May"
"688",8068,1.511,"WOR","Bot","May",0.01,"2019","TRT","TRT-Bot","May"
"689",8069,0.286,"WOR","Bot","May",0.006,"2019","CTL","CTL-Bot","May"
"690",8070,7.848,"ARM","Top","June",0.016,"2019","TRT","TRT-Top","June"
"691",8071,2.944,"ARM","Bot","June",0.171,"2019","TRT","TRT-Bot","June"
"692",8072,12.468,"ARM","Bot","June",0.008,"2019","CTL","CTL-Bot","June"
"693",8073,14.127,"MCN","Bot","June",0.009,"2019","CTL","CTL-Bot","June"
"694",8074,2.359,"MCN","Bot","June",0.029,"2019","TRT","TRT-Bot","June"
"695",8075,6.372,"RHO","Top","June",0.047,"2019","TRT","TRT-Top","June"
"696",8076,7.485,"RHO","Bot","June",0.085,"2019","TRT","TRT-Bot","June"
"697",8077,2.93,"RHO","Bot","June",0.032,"2019","CTL","CTL-Bot","June"
"698",8078,6.483,"SPL","Top","June",0.006,"2019","TRT","TRT-Top","June"
"699",8079,4.343,"SPL","Bot","June",0.016,"2019","TRT","TRT-Bot","June"
"700",8080,1.895,"SPL","Bot","June",0.026,"2019","CTL","CTL-Bot","June"
"701",8081,4.611,"SPL","Top","June",0.002,"2019","CTL","CTL-Top","June"
"702",8082,2.371,"WHI","Top","June",0.035,"2019","TRT","TRT-Top","June"
"703",8083,1.017,"WHI","Bot","June",0.046,"2019","TRT","TRT-Bot","June"
"704",8084,11.634,"WHI","Bot","June",0.051,"2019","CTL","CTL-Bot","June"
"705",8085,3.095,"WOR","Top","June",0.086,"2019","TRT","TRT-Top","June"
"706",8086,1.455,"WOR","Bot","June",0.008,"2019","TRT","TRT-Bot","June"
"707",8087,0.504,"WOR","Bot","June",0.008,"2019","CTL","CTL-Bot","June"
"708",8088,2.866,"GUT","Top","June",0.003,"2019","TRT","TRT-Top","June"
"709",8089,6.009,"GUT","Bot","June",0.006,"2019","TRT","TRT-Bot","June"
"710",8090,8.882,"ARM","Top","July",0.015,"2019","TRT","TRT-Top","July"
"711",8091,3.628,"ARM","Bot","July",0.171,"2019","TRT","TRT-Bot","July"
"712",8092,10.427,"ARM","Bot","July",0.011,"2019","CTL","CTL-Bot","July"
"713",8093,13.997,"MCN","Bot","July",0.008,"2019","CTL","CTL-Bot","July"
"714",8094,2.458,"MCN","Bot","July",0.029,"2019","TRT","TRT-Bot","July"
"715",8095,5.436,"RHO","Top","July",0.05,"2019","TRT","TRT-Top","July"
"716",8096,9.259,"RHO","Bot","July",0.091,"2019","TRT","TRT-Bot","July"
"717",8097,4.588,"RHO","Bot","July",0.039,"2019","CTL","CTL-Bot","July"
"718",8098,6.378,"SPL","Top","July",0.005,"2019","TRT","TRT-Top","July"
"719",8099,4.148,"SPL","Bot","July",0.016,"2019","TRT","TRT-Bot","July"
"720",8100,1.813,"SPL","Bot","July",0.018,"2019","CTL","CTL-Bot","July"
"721",8101,4.329,"SPL","Top","July",0.002,"2019","CTL","CTL-Top","July"
"722",8102,5.171,"WHI","Top","July",0.044,"2019","TRT","TRT-Top","July"
"723",8103,1.188,"WHI","Bot","July",0.07,"2019","TRT","TRT-Bot","July"
"724",8104,10.947,"WHI","Bot","July",0.052,"2019","CTL","CTL-Bot","July"
"725",8105,1.126,"WOR","Top","July",0.049,"2019","TRT","TRT-Top","July"
"726",8106,1.145,"WOR","Bot","July",0.008,"2019","TRT","TRT-Bot","July"
"727",8107,0.282,"WOR","Bot","July",0.002,"2019","CTL","CTL-Bot","July"
"728",8108,8.563,"ARM","Top","Aug.",0.013,"2019","TRT","TRT-Top","Aug."
"729",8109,3.606,"ARM","Bot","Aug.",0.168,"2019","TRT","TRT-Bot","Aug."
"730",8110,10.181,"ARM","Bot","Aug.",0.011,"2019","CTL","CTL-Bot","Aug."
"731",8111,13.626,"MCN","Bot","Aug.",0.007,"2019","CTL","CTL-Bot","Aug."
"732",8112,2.479,"MCN","Bot","Aug.",0.025,"2019","TRT","TRT-Bot","Aug."
"733",8113,4.94,"RHO","Top","Aug.",0.057,"2019","TRT","TRT-Top","Aug."
"734",8114,7.213,"RHO","Bot","Aug.",0.063,"2019","TRT","TRT-Bot","Aug."
"735",8115,2.701,"RHO","Bot","Aug.",0.034,"2019","CTL","CTL-Bot","Aug."
"736",8116,5.942,"SPL","Top","Aug.",0.005,"2019","TRT","TRT-Top","Aug."
"737",8117,3.953,"SPL","Bot","Aug.",0.014,"2019","TRT","TRT-Bot","Aug."
"738",8118,2.067,"SPL","Bot","Aug.",0.015,"2019","CTL","CTL-Bot","Aug."
"739",8119,4.149,"SPL","Top","Aug.",0.003,"2019","CTL","CTL-Top","Aug."
"740",8120,4.714,"WHI","Top","Aug.",0.048,"2019","TRT","TRT-Top","Aug."
"741",8121,10.943,"WHI","Bot","Aug.",0.052,"2019","CTL","CTL-Bot","Aug."
"742",8122,1.021,"WOR","Top","Aug.",0.037,"2019","TRT","TRT-Top","Aug."
"743",8123,0.902,"WOR","Bot","Aug.",0.006,"2019","TRT","TRT-Bot","Aug."
"744",8124,0.354,"WOR","Bot","Aug.",0.003,"2019","CTL","CTL-Bot","Aug."
"745",8125,8.412,"ARM","Top","Sept.",0.011,"2019","TRT","TRT-Top","Sept."
"746",8126,6.155,"ARM","Bot","Sept.",0.173,"2019","TRT","TRT-Bot","Sept."
"747",8127,10.933,"ARM","Bot","Sept.",0.017,"2019","CTL","CTL-Bot","Sept."
"748",8128,14.116,"MCN","Bot","Sept.",0.002,"2019","CTL","CTL-Bot","Sept."
"749",8129,2.728,"MCN","Bot","Sept.",0.027,"2019","TRT","TRT-Bot","Sept."
"750",8130,4.36,"RHO","Top","Sept.",0.047,"2019","TRT","TRT-Top","Sept."
"751",8131,9.863,"RHO","Bot","Sept.",0.055,"2019","TRT","TRT-Bot","Sept."
"752",8132,2.456,"RHO","Bot","Sept.",0.033,"2019","CTL","CTL-Bot","Sept."
"753",8133,5.676,"SPL","Top","Sept.",0.007,"2019","TRT","TRT-Top","Sept."
"754",8134,4.661,"SPL","Bot","Sept.",0.012,"2019","TRT","TRT-Bot","Sept."
"755",8135,2.573,"SPL","Bot","Sept.",0.016,"2019","CTL","CTL-Bot","Sept."
"756",8136,4.515,"SPL","Top","Sept.",0.003,"2019","CTL","CTL-Top","Sept."
"757",8137,3.188,"WHI","Top","Sept.",0.049,"2019","TRT","TRT-Top","Sept."
"758",8138,4.671,"WHI","Bot","Sept.",0.133,"2019","CTL","CTL-Bot","Sept."
"759",8139,0.814,"WOR","Top","Sept.",0.029,"2019","TRT","TRT-Top","Sept."
"760",8140,0.856,"WOR","Bot","Sept.",0.009,"2019","TRT","TRT-Bot","Sept."
"761",8141,0.39,"WOR","Bot","Sept.",0.008,"2019","CTL","CTL-Bot","Sept."
"762",8142,4.778,"GUT","Top","Sept.",0.001,"2019","TRT","TRT-Top","Sept."
"763",8143,5.497,"GUT","Bot","Sept.",0.003,"2019","TRT","TRT-Bot","Sept."
"764",8144,9.221,"ARM","Top","Oct.",0.019,"2019","TRT","TRT-Top","Oct."
"765",8145,4.135,"ARM","Bot","Oct.",0.18,"2019","TRT","TRT-Bot","Oct."
"766",8146,10.433,"ARM","Bot","Oct.",0.017,"2019","CTL","CTL-Bot","Oct."
"767",8147,14.185,"MCN","Bot","Oct.",0.005,"2019","CTL","CTL-Bot","Oct."
"768",8148,3.13,"MCN","Bot","Oct.",0.029,"2019","TRT","TRT-Bot","Oct."
"769",8149,1.595,"RHO","Top","Oct.",0.053,"2019","TRT","TRT-Top","Oct."
"770",8150,9.399,"RHO","Bot","Oct.",0.051,"2019","TRT","TRT-Bot","Oct."
"771",8151,3.053,"RHO","Bot","Oct.",0.03,"2019","CTL","CTL-Bot","Oct."
"772",8152,5.933,"SPL","Top","Oct.",0.006,"2019","TRT","TRT-Top","Oct."
"773",8153,4.61,"SPL","Bot","Oct.",0.003,"2019","TRT","TRT-Bot","Oct."
"774",8154,2.053,"SPL","Bot","Oct.",0.011,"2019","CTL","CTL-Bot","Oct."
"775",8155,4.003,"SPL","Top","Oct.",0.004,"2019","CTL","CTL-Top","Oct."
"776",8156,4.346,"WHI","Top","Oct.",0.049,"2019","TRT","TRT-Top","Oct."
"777",8157,1.87,"WHI","Bot","Oct.",0.05,"2019","TRT","TRT-Bot","Oct."
"778",8158,7.507,"WHI","Bot","Oct.",0.097,"2019","CTL","CTL-Bot","Oct."
"779",8159,3.086,"WOR","Top","Oct.",0.08,"2019","TRT","TRT-Top","Oct."
"780",8160,1.208,"WOR","Bot","Oct.",0.006,"2019","TRT","TRT-Bot","Oct."
"781",8161,0.314,"WOR","Bot","Oct.",0.003,"2019","CTL","CTL-Bot","Oct."
"782",8162,8.519,"ARM","Top","Nov.",0.019,"2019","TRT","TRT-Top","Nov."
"783",8163,2.508,"ARM","Bot","Nov.",0.182,"2019","TRT","TRT-Bot","Nov."
"784",8164,9.056,"ARM","Bot","Nov.",0.014,"2019","CTL","CTL-Bot","Nov."
"785",8165,13.716,"MCN","Bot","Nov.",0.002,"2019","CTL","CTL-Bot","Nov."
"786",8166,3.286,"MCN","Bot","Nov.",0.029,"2019","TRT","TRT-Bot","Nov."
"787",8167,1.457,"RHO","Top","Nov.",0.062,"2019","TRT","TRT-Top","Nov."
"788",8168,9.199,"RHO","Bot","Nov.",0.06,"2019","TRT","TRT-Bot","Nov."
"789",8169,0.448,"RHO","Bot","Nov.",0.023,"2019","CTL","CTL-Bot","Nov."
"790",8170,5.373,"SPL","Top","Nov.",0.002,"2019","TRT","TRT-Top","Nov."
"791",8171,4.566,"SPL","Bot","Nov.",0.004,"2019","TRT","TRT-Bot","Nov."
"792",8172,1.791,"SPL","Bot","Nov.",0.006,"2019","CTL","CTL-Bot","Nov."
"793",8173,3.782,"SPL","Top","Nov.",0.004,"2019","CTL","CTL-Top","Nov."
"794",8174,3.981,"WHI","Top","Nov.",0.057,"2019","TRT","TRT-Top","Nov."
"795",8175,9.924,"WHI","Bot","Nov.",0.079,"2019","CTL","CTL-Bot","Nov."
"796",8176,0.999,"WOR","Top","Nov.",0.045,"2019","TRT","TRT-Top","Nov."
"797",8177,0.951,"WOR","Bot","Nov.",0.012,"2019","TRT","TRT-Bot","Nov."
"798",8178,0.472,"WOR","Bot","Nov.",0.006,"2019","CTL","CTL-Bot","Nov."
"799",8179,9.592,"ARM","Top","Dec.",0.022,"2019","TRT","TRT-Top","Dec."
"800",8180,2.082,"ARM","Bot","Dec.",0.178,"2019","TRT","TRT-Bot","Dec."
"801",8181,8.833,"ARM","Bot","Dec.",0.01,"2019","CTL","CTL-Bot","Dec."
"802",8182,14.468,"MCN","Bot","Dec.",0.008,"2019","CTL","CTL-Bot","Dec."
"803",8183,3.212,"MCN","Bot","Dec.",0.028,"2019","TRT","TRT-Bot","Dec."
"804",8184,1.219,"RHO","Top","Dec.",0.059,"2019","TRT","TRT-Top","Dec."
"805",8185,10.289,"RHO","Bot","Dec.",0.021,"2019","TRT","TRT-Bot","Dec."
"806",8186,0.43,"RHO","Bot","Dec.",0.017,"2019","CTL","CTL-Bot","Dec."
"807",8187,5.696,"SPL","Top","Dec.",0.002,"2019","TRT","TRT-Top","Dec."
"808",8188,4.467,"SPL","Bot","Dec.",0.007,"2019","TRT","TRT-Bot","Dec."
"809",8189,1.882,"SPL","Bot","Dec.",0.005,"2019","CTL","CTL-Bot","Dec."
"810",8190,4.001,"SPL","Top","Dec.",0.002,"2019","CTL","CTL-Top","Dec."
"811",8191,6.049,"WHI","Top","Dec.",0.043,"2019","TRT","TRT-Top","Dec."
"812",8192,14.632,"WHI","Bot","Dec.",0.065,"2019","CTL","CTL-Bot","Dec."
"813",8193,1.949,"WOR","Top","Dec.",0.021,"2019","TRT","TRT-Top","Dec."
"814",8194,1.363,"WOR","Bot","Dec.",0.009,"2019","TRT","TRT-Bot","Dec."
"815",8195,0.555,"WOR","Bot","Dec.",0.006,"2019","CTL","CTL-Bot","Dec."
"816",8196,5.352,"GUT","Top","Dec.",0.004,"2019","TRT","TRT-Top","Dec."
"817",8197,5.275,"GUT","Bot","Dec.",0.005,"2019","TRT","TRT-Bot","Dec."
