"","year","month","site","trt","pos","uncorrected.depth..ft.","date.measured","wellid","order"
"1",2016,"Aug.","WOR","TRT","Top",6.91,"8/11/2016","WORTRTTop","Aug."
"2",2016,"Aug.","EIA","TRT","Bot",3.57,"8/8/2016","EIATRTBot","Aug."
"3",2016,"Aug.","EIA","TRT","Top",4.4,"8/8/2016","EIATRTTop","Aug."
"4",2016,"Aug.","EIA","CTL","Bot",4.11,"8/8/2016","EIACTLBot","Aug."
"5",2016,"Aug.","RHO","TRT","Top",3.32,"8/8/2016","RHOTRTTop","Aug."
"6",2016,"Aug.","RHO","TRT","Bot",2.74,"8/8/2016","RHOTRTBot","Aug."
"7",2016,"Aug.","RHO","CTL","Bot",2.23,"8/8/2016","RHOCTLBot","Aug."
"8",2016,"Aug.","WOR","TRT","Bot",6.45,"8/10/2016","WORTRTBot","Aug."
"9",2016,"Aug.","WOR","CTL","Bot",4.55,"8/10/2016","WORCTLBot","Aug."
"10",2016,"Aug.","ARM","TRT","Top",4.85,"8/10/2016","ARMTRTTop","Aug."
"11",2016,"Aug.","ARM","TRT","Bot",5.1,"8/10/2016","ARMTRTBot","Aug."
"12",2016,"Aug.","ARM","CTL","Bot",6.55,"8/10/2016","ARMCTLBot","Aug."
"13",2016,"July","ARM","TRT","Top",4.22,"7/21/2016","ARMTRTTop","July"
"14",2016,"July","ARM","TRT","Bot",4.45,"7/21/2016","ARMTRTBot","July"
"15",2016,"July","ARM","CTL","Bot",0.66,"7/21/2016","ARMCTLBot","July"
"16",2016,"July","RHO","TRT","Top",2.37,"7/20/2016","RHOTRTTop","July"
"17",2016,"July","RHO","TRT","Bot",1.41,"7/20/2016","RHOTRTBot","July"
"18",2016,"July","RHO","CTL","Bot",0.58,"7/20/2016","RHOCTLBot","July"
"19",2016,"July","WOR","TRT","Bot",5.98,"7/20/2016","WORTRTBot","July"
"20",2016,"July","WOR","TRT","Top",6.65,"7/20/2016","WORTRTTop","July"
"21",2016,"July","WOR","CTL","Bot",3.62,"7/20/2016","WORCTLBot","July"
"22",2016,"July","EIA","TRT","Bot",3.72,"7/18/2016","EIATRTBot","July"
"23",2016,"July","EIA","TRT","Top",2.8,"7/18/2016","EIATRTTop","July"
"24",2016,"July","EIA","CTL","Bot",3.94,"7/18/2016","EIACTLBot","July"
"25",2016,"June","GUT","TRT","Top",3.92,"6/20/2016","GUTTRTTop","June"
"26",2016,"June","GUT","TRT","Bot",4.62,"6/20/2016","GUTTRTBot","June"
"27",2016,"June","EIA","TRT","Bot",3.9,"6/20/2016","EIATRTBot","June"
"28",2016,"June","EIA","TRT","Top",2.74,"6/20/2016","EIATRTTop","June"
"29",2016,"June","EIA","CTL","Bot",3.92,"6/20/2016","EIACTLBot","June"
"30",2016,"June","RHO","TRT","Top",2.83,"6/20/2016","RHOTRTTop","June"
"31",2016,"June","RHO","TRT","Bot",2.82,"6/20/2016","RHOTRTBot","June"
"32",2016,"June","RHO","CTL","Bot",1.74,"6/20/2016","RHOCTLBot","June"
"33",2016,"June","ARM","TRT","Top",3.95,"6/14/2016","ARMTRTTop","June"
"34",2016,"June","ARM","TRT","Bot",4.23,"6/14/2016","ARMTRTBot","June"
"35",2016,"June","ARM","CTL","Bot",1.82,"6/14/2016","ARMCTLBot","June"
"36",2016,"June","WOR","TRT","Bot",5.41,"6/14/2016","WORTRTBot","June"
"37",2016,"June","WOR","TRT","Top",6.02,"6/14/2016","WORTRTTop","June"
"38",2016,"June","WOR","CTL","Bot",2.96,"6/14/2016","WORCTLBot","June"
"39",2016,"May","EIA","TRT","Bot",3.85,"5/16/2016","EIATRTBot","May"
"40",2016,"May","EIA","TRT","Top",1.24,"5/16/2016","EIATRTTop","May"
"41",2016,"May","EIA","CTL","Bot",3.76,"5/16/2016","EIACTLBot","May"
"42",2016,"May","RHO","TRT","Top",2.49,"5/16/2016","RHOTRTTop","May"
"43",2016,"May","RHO","TRT","Bot",2.39,"5/16/2016","RHOTRTBot","May"
"44",2016,"May","RHO","CTL","Bot",0.8,"5/16/2016","RHOCTLBot","May"
"45",2016,"May","WOR","TRT","Bot",5.5,"5/12/2016","WORTRTBot","May"
"46",2016,"May","WOR","TRT","Top",5.8,"5/12/2016","WORTRTTop","May"
"47",2016,"May","WOR","CTL","Bot",2.61,"5/12/2016","WORCTLBot","May"
"48",2016,"May","ARM","TRT","Top",2.47,"5/11/2016","ARMTRTTop","May"
"49",2016,"May","ARM","TRT","Bot",2.45,"5/11/2016","ARMTRTBot","May"
"50",2016,"May","ARM","CTL","Bot",0.51,"5/11/2016","ARMCTLBot","May"
"51",2016,"Apr.","WOR","TRT","Bot",5.47,"4/21/2016","WORTRTBot","Apr."
"52",2016,"Apr.","WOR","TRT","Top",6.45,"4/21/2016","WORTRTTop","Apr."
"53",2016,"Apr.","WOR","CTL","Bot",4.6,"4/21/2016","WORCTLBot","Apr."
"54",2016,"Apr.","EIA","TRT","Bot",NA,"4/20/2016","EIATRTBot","Apr."
"55",2016,"Apr.","EIA","TRT","Top",2.71,"4/20/2016","EIATRTTop","Apr."
"56",2016,"Apr.","EIA","CTL","Bot",7.23,"4/20/2016","EIACTLBot","Apr."
"57",2016,"Apr.","RHO","TRT","Top",2.35,"4/20/2016","RHOTRTTop","Apr."
"58",2016,"Apr.","RHO","TRT","Bot",2.22,"4/20/2016","RHOTRTBot","Apr."
"59",2016,"Apr.","RHO","CTL","Bot",0.94,"4/20/2016","RHOCTLBot","Apr."
"60",2016,"Apr.","ARM","CTL","Bot",3.49,"4/19/2016","ARMCTLBot","Apr."
"61",2016,"Apr.","ARM","TRT","Top",5.05,"4/19/2016","ARMTRTTop","Apr."
"62",2016,"Apr.","ARM","TRT","Bot",4.96,"4/19/2016","ARMTRTBot","Apr."
"63",2016,"Sept.","WOR","TRT","Top",6.63,"9/7/2016","WORTRTTop","Sept."
"64",2016,"Sept.","WOR","TRT","Bot",5.89,"9/7/2016","WORTRTBot","Sept."
"65",2016,"Sept.","WOR","CTL","Bot",3.68,"9/7/2016","WORCTLBot","Sept."
"66",2016,"Sept.","ARM","TRT","Top",6.27,"9/13/2016","ARMTRTTop","Sept."
"67",2016,"Sept.","ARM","TRT","Bot",6.47,"9/13/2016","ARMTRTBot","Sept."
"68",2016,"Sept.","ARM","CTL","Bot",9.66,"9/13/2016","ARMCTLBot","Sept."
"69",2016,"Sept.","EIA","TRT","Bot",3.33,"9/8/2016","EIATRTBot","Sept."
"70",2016,"Sept.","EIA","TRT","Top",1.68,"9/8/2016","EIATRTTop","Sept."
"71",2016,"Sept.","EIA","CTL","Bot",1.81,"9/8/2016","EIACTLBot","Sept."
"72",2016,"Sept.","RHO","TRT","Top",2.78,"9/12/2016","RHOTRTTop","Sept."
"73",2016,"Sept.","RHO","TRT","Bot",2.12,"9/12/2016","RHOTRTBot","Sept."
"74",2016,"Sept.","RHO","CTL","Bot",1.35,"9/12/2016","RHOCTLBot","Sept."
"75",2016,"Sept.","GUT","TRT","Top",3.63,"9/12/2016","GUTTRTTop","Sept."
"76",2016,"Sept.","GUT","TRT","Bot",3.74,"9/12/2016","GUTTRTBot","Sept."
"77",2016,"Oct.","WOR","TRT","Top",5.9,"10/13/2016","WORTRTTop","Oct."
"78",2016,"Oct.","WOR","TRT","Bot",5.37,"10/13/2016","WORTRTBot","Oct."
"79",2016,"Oct.","WOR","CTL","Bot",2.29,"10/13/2016","WORCTLBot","Oct."
"80",2016,"Oct.","ARM","TRT","Top",3.92,"10/13/2016","ARMTRTTop","Oct."
"81",2016,"Oct.","ARM","TRT","Bot",4.4,"10/13/2016","ARMTRTBot","Oct."
"82",2016,"Oct.","ARM","CTL","Bot",2.48,"10/13/2016","ARMCTLBot","Oct."
"83",2016,"Oct.","EIA","TRT","Bot",3.49,"10/18/2016","EIATRTBot","Oct."
"84",2016,"Oct.","EIA","TRT","Top",2.39,"10/18/2016","EIATRTTop","Oct."
"85",2016,"Oct.","EIA","CTL","Bot",3.74,"10/18/2016","EIACTLBot","Oct."
"86",2016,"Oct.","RHO","TRT","Top",2.52,"10/14/2016","RHOTRTTop","Oct."
"87",2016,"Oct.","RHO","TRT","Bot",1.85,"10/14/2016","RHOTRTBot","Oct."
"88",2016,"Oct.","RHO","CTL","Bot",1.08,"10/14/2016","RHOCTLBot","Oct."
"89",2016,"Nov.","WOR","TRT","Top",6.3,"11/8/2016","WORTRTTop","Nov."
"90",2016,"Nov.","WOR","TRT","Bot",5.66,"11/8/2016","WORTRTBot","Nov."
"91",2016,"Nov.","WOR","CTL","Bot",2.94,"11/8/2016","WORCTLBot","Nov."
"92",2016,"Nov.","ARM","TRT","Top",4.54,"11/9/2016","ARMTRTTop","Nov."
"93",2016,"Nov.","ARM","TRT","Bot",4.91,"11/9/2016","ARMTRTBot","Nov."
"94",2016,"Nov.","ARM","CTL","Bot",3.94,"11/9/2016","ARMCTLBot","Nov."
"95",2016,"Nov.","EIA","TRT","Bot",3.5,"11/7/2016","EIATRTBot","Nov."
"96",2016,"Nov.","EIA","TRT","Top",2.41,"11/7/2016","EIATRTTop","Nov."
"97",2016,"Nov.","EIA","CTL","Bot",3.75,"11/7/2016","EIACTLBot","Nov."
"98",2016,"Nov.","RHO","TRT","Top",2.58,"11/8/2016","RHOTRTTop","Nov."
"99",2016,"Nov.","RHO","TRT","Bot",1.91,"11/8/2016","RHOTRTBot","Nov."
"100",2016,"Nov.","RHO","CTL","Bot",1.27,"11/8/2016","RHOCTLBot","Nov."
"101",2016,"Dec.","WOR","TRT","Top",6.2,"12/12/2016","WORTRTTop","Dec."
"102",2016,"Dec.","WOR","TRT","Bot",5.54,"12/12/2016","WORTRTBot","Dec."
"103",2016,"Dec.","WOR","CTL","Bot",2.89,"12/12/2016","WORCTLBot","Dec."
"104",2016,"Dec.","ARM","TRT","Top",4.95,"12/12/2016","ARMTRTTop","Dec."
"105",2016,"Dec.","ARM","TRT","Bot",5.21,"12/12/2016","ARMTRTBot","Dec."
"106",2016,"Dec.","ARM","CTL","Bot",7.92,"12/12/2016","ARMCTLBot","Dec."
"107",2016,"Dec.","EIA","TRT","Bot",3.83,"12/21/2016","EIATRTBot","Dec."
"108",2016,"Dec.","EIA","TRT","Top",NA,"12/21/2016","EIATRTTop","Dec."
"109",2016,"Dec.","EIA","CTL","Bot",3.86,"12/13/2016","EIACTLBot","Dec."
"110",2016,"Dec.","RHO","TRT","Top",2.68,"12/20/2016","RHOTRTTop","Dec."
"111",2016,"Dec.","RHO","TRT","Bot",2.14,"12/20/2016","RHOTRTBot","Dec."
"112",2016,"Dec.","RHO","CTL","Bot",2.53,"12/20/2016","RHOCTLBot","Dec."
"113",2016,"Dec.","WHI","TRT","Bot",15,"12/20/2016","WHITRTBot","Dec."
"114",2016,"Dec.","WHI","TRT","Top",15,"12/20/2016","WHITRTTop","Dec."
"115",2016,"Dec.","WHI","CTL","Bot",11.63,"12/20/2016","WHICTLBot","Dec."
"116",2016,"Dec.","GUT","TRT","Top",4.1,"12/20/2016","GUTTRTTop","Dec."
"117",2016,"Dec.","GUT","TRT","Bot",4.32,"12/20/2016","GUTTRTBot","Dec."
"118",2016,"Dec.","SPL","TRT","Top",7.69,"12/28/2016","SPLTRTTop","Dec."
"119",2016,"Dec.","SPL","TRT","Bot",NA,"12/28/2016","SPLTRTBot","Dec."
"120",2016,"Dec.","SPL","CTL","Bot",4.33,"12/28/2016","SPLCTLBot","Dec."
"121",2016,"Dec.","SPL","CTL","Top",3.39,"12/28/2016","SPLCTLTop","Dec."
"122",2016,"Dec.","MCN","CTL","Bot",0.78,"","MCNCTLBot","Dec."
"123",2016,"Dec.","MCN","TRT","Bot",4.99,"","MCNTRTBot","Dec."
"124",2017,"Feb.","SPL","TRT","Top",5.19,"2/7/2017","SPLTRTTop","Feb."
"125",2017,"Feb.","SPL","TRT","Bot",NA,"2/7/2017","SPLTRTBot","Feb."
"126",2017,"Feb.","SPL","CTL","Bot",4.72,"2/7/2017","SPLCTLBot","Feb."
"127",2017,"Feb.","SPL","CTL","Top",4.35,"2/7/2017","SPLCTLTop","Feb."
"128",2017,"Feb.","EIA","TRT","Bot",4.08,"2/13/2017","EIATRTBot","Feb."
"129",2017,"Feb.","EIA","TRT","Top",2.44,"2/13/2017","EIATRTTop","Feb."
"130",2017,"Feb.","EIA","CTL","Bot",3.97,"2/13/2017","EIACTLBot","Feb."
"131",2017,"Feb.","RHO","TRT","Top",2.66,"2/13/2017","RHOTRTTop","Feb."
"132",2017,"Feb.","RHO","TRT","Bot",NA,"2/13/2017","RHOTRTBot","Feb."
"133",2017,"Feb.","RHO","CTL","Bot",1.5,"2/13/2017","RHOCTLBot","Feb."
"134",2017,"Feb.","MCN","CTL","Bot",0.53,"2/14/2017","MCNCTLBot","Feb."
"135",2017,"Feb.","MCN","TRT","Bot",1.24,"2/14/2017","MCNTRTBot","Feb."
"136",2017,"Feb.","WOR","TRT","Top",3.4,"2/14/2017","WORTRTTop","Feb."
"137",2017,"Feb.","WOR","TRT","Bot",5.62,"2/14/2017","WORTRTBot","Feb."
"138",2017,"Feb.","WOR","CTL","Bot",3.41,"2/14/2017","WORCTLBot","Feb."
"139",2017,"Feb.","ARM","TRT","Top",5.49,"2/15/2017","ARMTRTTop","Feb."
"140",2017,"Feb.","ARM","TRT","Bot",5.6,"2/15/2017","ARMTRTBot","Feb."
"141",2017,"Feb.","ARM","CTL","Bot",7.25,"2/15/2017","ARMCTLBot","Feb."
"142",2017,"Feb.","WHI","TRT","Top",14.72,"2/21/2017","WHITRTTop","Feb."
"143",2017,"Feb.","WHI","TRT","Bot",14.73,"2/21/2017","WHITRTBot","Feb."
"144",2017,"Feb.","WHI","CTL","Bot",9.16,"2/21/2017","WHICTLBot","Feb."
"145",2017,"Mar.","SPL","TRT","Top",NA,"3/16/2017","SPLTRTTop","Mar."
"146",2017,"Mar.","SPL","TRT","Bot",NA,"3/16/2017","SPLTRTBot","Mar."
"147",2017,"Mar.","SPL","CTL","Bot",5.5,"3/16/2017","SPLCTLBot","Mar."
"148",2017,"Mar.","SPL","CTL","Top",3.94,"3/16/2017","SPLCTLTop","Mar."
"149",2017,"Mar.","EIA","TRT","Bot",3.88,"3/8/2017","EIATRTBot","Mar."
"150",2017,"Mar.","EIA","TRT","Top",2.76,"3/8/2017","EIATRTTop","Mar."
"151",2017,"Mar.","EIA","CTL","Bot",3.86,"3/8/2017","EIACTLBot","Mar."
"152",2017,"Mar.","RHO","TRT","Top",2.58,"3/8/2017","RHOTRTTop","Mar."
"153",2017,"Mar.","RHO","TRT","Bot",1.82,"3/8/2017","RHOTRTBot","Mar."
"154",2017,"Mar.","RHO","CTL","Bot",1.12,"3/8/2017","RHOCTLBot","Mar."
"155",2017,"Mar.","MCN","CTL","Bot",1.31,"3/13/2017","MCNCTLBot","Mar."
"156",2017,"Mar.","MCN","TRT","Bot",1.39,"3/13/2017","MCNTRTBot","Mar."
"157",2017,"Mar.","WOR","TRT","Top",6.12,"3/15/2017","WORTRTTop","Mar."
"158",2017,"Mar.","WOR","TRT","Bot",5.47,"3/15/2017","WORTRTBot","Mar."
"159",2017,"Mar.","WOR","CTL","Bot",2.83,"3/15/2017","WORCTLBot","Mar."
"160",2017,"Mar.","ARM","TRT","Top",4.95,"3/15/2017","ARMTRTTop","Mar."
"161",2017,"Mar.","ARM","TRT","Bot",5.14,"3/15/2017","ARMTRTBot","Mar."
"162",2017,"Mar.","ARM","CTL","Bot",8.86,"3/15/2017","ARMCTLBot","Mar."
"163",2017,"Mar.","WHI","TRT","Top",12.08,"3/22/2017","WHITRTTop","Mar."
"164",2017,"Mar.","WHI","TRT","Bot",14.74,"3/22/2017","WHITRTBot","Mar."
"165",2017,"Mar.","WHI","CTL","Bot",7.49,"3/22/2017","WHICTLBot","Mar."
"166",2017,"Mar.","GUT","TRT","Top",3.91,"3/17/2017","GUTTRTTop","Mar."
"167",2017,"Mar.","GUT","TRT","Bot",4.2,"3/17/2017","GUTTRTBot","Mar."
"168",2017,"Apr.","SPL","TRT","Top",4.53,"4/27/2017","SPLTRTTop","Apr."
"169",2017,"Apr.","SPL","TRT","Bot",4.88,"4/27/2017","SPLTRTBot","Apr."
"170",2017,"Apr.","SPL","CTL","Bot",5.17,"4/27/2017","SPLCTLBot","Apr."
"171",2017,"Apr.","SPL","CTL","Top",3.11,"4/27/2017","SPLCTLTop","Apr."
"172",2017,"Apr.","EIA","TRT","Bot",4.05,"4/25/2017","EIATRTBot","Apr."
"173",2017,"Apr.","EIA","TRT","Top",NA,"4/25/2017","EIATRTTop","Apr."
"174",2017,"Apr.","EIA","CTL","Bot",3.84,"4/25/2017","EIACTLBot","Apr."
"175",2017,"Apr.","RHO","TRT","Top",1.87,"4/25/2017","RHOTRTTop","Apr."
"176",2017,"Apr.","RHO","TRT","Bot",0.94,"4/5/2017","RHOTRTBot","Apr."
"177",2017,"Apr.","RHO","CTL","Bot",0.12,"4/5/2017","RHOCTLBot","Apr."
"178",2017,"Apr.","MCN","CTL","Bot",0,"4/4/2017","MCNCTLBot","Apr."
"179",2017,"Apr.","MCN","TRT","Bot",0.37,"4/4/2017","MCNTRTBot","Apr."
"180",2017,"Apr.","WOR","TRT","Top",5.33,"4/5/2017","WORTRTTop","Apr."
"181",2017,"Apr.","WOR","TRT","Bot",5.22,"4/5/2017","WORTRTBot","Apr."
"182",2017,"Apr.","WOR","CTL","Bot",1.32,"4/5/2017","WORCTLBot","Apr."
"183",2017,"Apr.","ARM","TRT","Top",4,"4/18/2017","ARMTRTTop","Apr."
"184",2017,"Apr.","ARM","TRT","Bot",4.41,"4/18/2017","ARMTRTBot","Apr."
"185",2017,"Apr.","ARM","CTL","Bot",2.24,"4/18/2017","ARMCTLBot","Apr."
"186",2017,"Apr.","WHI","TRT","Top",9.27,"4/24/2017","WHITRTTop","Apr."
"187",2017,"Apr.","WHI","TRT","Bot",14.71,"4/24/2017","WHITRTBot","Apr."
"188",2017,"Apr.","WHI","CTL","Bot",7.4,"4/24/2017","WHICTLBot","Apr."
"189",2017,"May","SPL","TRT","Top",4.73,"5/16/2017","SPLTRTTop","May"
"190",2017,"May","SPL","TRT","Bot",4.82,"5/16/2017","SPLTRTBot","May"
"191",2017,"May","SPL","CTL","Bot",5.12,"5/16/2017","SPLCTLBot","May"
"192",2017,"May","SPL","CTL","Top",3.35,"5/16/2017","SPLCTLTop","May"
"193",2017,"May","EIA","TRT","Bot",4.02,"5/9/2017","EIATRTBot","May"
"194",2017,"May","EIA","TRT","Top",NA,"5/9/2017","EIATRTTop","May"
"195",2017,"May","EIA","CTL","Bot",3.81,"5/9/2017","EIACTLBot","May"
"196",2017,"May","RHO","TRT","Top",2.36,"5/12/2017","RHOTRTTop","May"
"197",2017,"May","RHO","TRT","Bot",1.52,"5/12/2017","RHOTRTBot","May"
"198",2017,"May","RHO","CTL","Bot",0.45,"5/12/2017","RHOCTLBot","May"
"199",2017,"May","MCN","CTL","Bot",0,"5/11/2017","MCNCTLBot","May"
"200",2017,"May","MCN","TRT","Bot",0.3,"5/11/2017","MCNTRTBot","May"
"201",2017,"May","WOR","TRT","Top",5.4,"5/12/2017","WORTRTTop","May"
"202",2017,"May","WOR","TRT","Bot",5.42,"5/12/2017","WORTRTBot","May"
"203",2017,"May","WOR","CTL","Bot",1.79,"5/12/2017","WORCTLBot","May"
"204",2017,"May","ARM","TRT","Top",3.79,"5/10/2017","ARMTRTTop","May"
"205",2017,"May","ARM","TRT","Bot",4.02,"5/10/2017","ARMTRTBot","May"
"206",2017,"May","ARM","CTL","Bot",1.03,"5/10/2017","ARMCTLBot","May"
"207",2017,"May","WHI","TRT","Top",6.47,"5/15/2017","WHITRTTop","May"
"208",2017,"May","WHI","TRT","Bot",7.05,"5/15/2017","WHITRTBot","May"
"209",2017,"May","WHI","CTL","Bot",4.92,"5/15/2017","WHICTLBot","May"
"210",2017,"June","SPL","TRT","Top",4.62,"6/5/2017","SPLTRTTop","June"
"211",2017,"June","SPL","TRT","Bot",4.78,"6/5/2017","SPLTRTBot","June"
"212",2017,"June","SPL","CTL","Bot",5.02,"6/5/2017","SPLCTLBot","June"
"213",2017,"June","SPL","CTL","Top",3.16,"6/5/2017","SPLCTLTop","June"
"214",2017,"June","EIA","TRT","Bot",4.33,"6/6/2017","EIATRTBot","June"
"215",2017,"June","EIA","TRT","Top",NA,"6/6/2017","EIATRTTop","June"
"216",2017,"June","EIA","CTL","Bot",3.91,"6/6/2017","EIACTLBot","June"
"217",2017,"June","RHO","TRT","Top",2.63,"6/6/2017","RHOTRTTop","June"
"218",2017,"June","RHO","TRT","Bot",2.15,"6/6/2017","RHOTRTBot","June"
"219",2017,"June","RHO","CTL","Bot",1.23,"6/6/2017","RHOCTLBot","June"
"220",2017,"June","MCN","CTL","Bot",1.37,"6/8/2017","MCNCTLBot","June"
"221",2017,"June","MCN","TRT","Bot",2.56,"6/8/2017","MCNTRTBot","June"
"222",2017,"June","WOR","TRT","Top",5.72,"6/8/2017","WORTRTTop","June"
"223",2017,"June","WOR","TRT","Bot",5.51,"6/8/2017","WORTRTBot","June"
"224",2017,"June","WOR","CTL","Bot",2.61,"6/8/2017","WORCTLBot","June"
"225",2017,"June","ARM","TRT","Top",3.96,"6/7/2017","ARMTRTTop","June"
"226",2017,"June","ARM","TRT","Bot",2.38,"6/7/2017","ARMTRTBot","June"
"227",2017,"June","ARM","CTL","Bot",2.3,"6/7/2017","ARMCTLBot","June"
"228",2017,"June","WHI","TRT","Top",9.13,"6/7/2017","WHITRTTop","June"
"229",2017,"June","WHI","TRT","Bot",13.5,"6/7/2017","WHITRTBot","June"
"230",2017,"June","WHI","CTL","Bot",7.43,"6/7/2017","WHICTLBot","June"
"231",2017,"June","GUT","TRT","Top",3.66,"6/13/2017","GUTTRTTop","June"
"232",2017,"June","GUT","TRT","Bot",3.78,"6/13/2017","GUTTRTBot","June"
"233",2017,"July","SPL","TRT","Top",4.89,"7/11/2017","SPLTRTTop","July"
"234",2017,"July","SPL","TRT","Bot",5.18,"7/11/2017","SPLTRTBot","July"
"235",2017,"July","SPL","CTL","Bot",5.21,"7/11/2017","SPLCTLBot","July"
"236",2017,"July","SPL","CTL","Top",3.64,"7/11/2017","SPLCTLTop","July"
"237",2017,"July","EIA","TRT","Bot",4.51,"7/13/2017","EIATRTBot","July"
"238",2017,"July","EIA","TRT","Top",6.24,"7/13/2017","EIATRTTop","July"
"239",2017,"July","EIA","CTL","Bot",4.14,"7/13/2017","EIACTLBot","July"
"240",2017,"July","RHO","TRT","Top",2.88,"7/13/2017","RHOTRTTop","July"
"241",2017,"July","RHO","TRT","Bot",2.23,"7/13/2017","RHOTRTBot","July"
"242",2017,"July","RHO","CTL","Bot",1.93,"7/13/2017","RHOCTLBot","July"
"243",2017,"July","MCN","CTL","Bot",2.91,"7/10/2017","MCNCTLBot","July"
"244",2017,"July","MCN","TRT","Bot",4.68,"7/10/2017","MCNTRTBot","July"
"245",2017,"July","WOR","TRT","Top",6.38,"7/14/2017","WORTRTTop","July"
"246",2017,"July","WOR","TRT","Bot",6.01,"7/14/2017","WORTRTBot","July"
"247",2017,"July","WOR","CTL","Bot",3.89,"7/14/2017","WORCTLBot","July"
"248",2017,"July","ARM","TRT","Top",4.59,"7/12/2017","ARMTRTTop","July"
"249",2017,"July","ARM","TRT","Bot",4.94,"7/12/2017","ARMTRTBot","July"
"250",2017,"July","ARM","CTL","Bot",2.83,"7/12/2017","ARMCTLBot","July"
"251",2017,"July","WHI","TRT","Top",14.12,"7/12/2017","WHITRTTop","July"
"252",2017,"July","WHI","TRT","Bot",14.77,"7/12/2017","WHITRTBot","July"
"253",2017,"July","WHI","CTL","Bot",11.25,"7/12/2017","WHICTLBot","July"
"254",2017,"Aug.","SPL","TRT","Top",3.88,"8/30/2017","SPLTRTTop","Aug."
"255",2017,"Aug.","SPL","TRT","Bot",4.26,"8/30/2017","SPLTRTBot","Aug."
"256",2017,"Aug.","SPL","CTL","Bot",4.5,"8/30/2017","SPLCTLBot","Aug."
"257",2017,"Aug.","SPL","CTL","Top",3.18,"8/30/2017","SPLCTLTop","Aug."
"258",2017,"Aug.","EIA","TRT","Bot",5.6,"8/24/2017","EIATRTBot","Aug."
"259",2017,"Aug.","EIA","TRT","Top",5.78,"8/24/2017","EIATRTTop","Aug."
"260",2017,"Aug.","EIA","CTL","Bot",5.68,"8/24/2017","EIACTLBot","Aug."
"261",2017,"Aug.","RHO","TRT","Top",3.97,"8/24/2017","RHOTRTTop","Aug."
"262",2017,"Aug.","RHO","TRT","Bot",3.25,"8/24/2017","RHOTRTBot","Aug."
"263",2017,"Aug.","RHO","CTL","Bot",3.25,"8/24/2017","RHOCTLBot","Aug."
"264",2017,"Aug.","MCN","CTL","Bot",5.24,"8/31/2017","MCNCTLBot","Aug."
"265",2017,"Aug.","MCN","TRT","Bot",7.79,"8/31/2017","MCNTRTBot","Aug."
"266",2017,"Aug.","WOR","TRT","Top",7.57,"8/21/2017","WORTRTTop","Aug."
"267",2017,"Aug.","WOR","TRT","Bot",7.12,"8/21/2017","WORTRTBot","Aug."
"268",2017,"Aug.","WOR","CTL","Bot",5.38,"8/21/2017","WORCTLBot","Aug."
"269",2017,"Aug.","ARM","TRT","Top",5.96,"8/22/2017","ARMTRTTop","Aug."
"270",2017,"Aug.","ARM","TRT","Bot",5.97,"8/22/2017","ARMTRTBot","Aug."
"271",2017,"Aug.","ARM","CTL","Bot",4.06,"8/22/2017","ARMCTLBot","Aug."
"272",2017,"Aug.","WHI","TRT","Top",14.75,"8/29/2017","WHITRTTop","Aug."
"273",2017,"Aug.","WHI","TRT","Bot",15,"8/29/2017","WHITRTBot","Aug."
"274",2017,"Aug.","WHI","CTL","Bot",12.43,"8/29/2017","WHICTLBot","Aug."
"275",2017,"Sept.","SPL","TRT","Top",4.97,"10/2/2017","SPLTRTTop","Sept."
"276",2017,"Sept.","SPL","TRT","Bot",5.22,"10/2/2017","SPLTRTBot","Sept."
"277",2017,"Sept.","SPL","CTL","Bot",5.56,"10/2/2017","SPLCTLBot","Sept."
"278",2017,"Sept.","SPL","CTL","Top",3.42,"10/2/2017","SPLCTLTop","Sept."
"279",2017,"Sept.","EIA","TRT","Bot",6.71,"9/27/2017","EIATRTBot","Sept."
"280",2017,"Sept.","EIA","TRT","Top",6.56,"9/27/2017","EIATRTTop","Sept."
"281",2017,"Sept.","EIA","CTL","Bot",8.11,"9/27/2017","EIACTLBot","Sept."
"282",2017,"Sept.","RHO","TRT","Top",5.76,"9/26/2017","RHOTRTTop","Sept."
"283",2017,"Sept.","RHO","TRT","Bot",5.18,"9/26/2017","RHOTRTBot","Sept."
"284",2017,"Sept.","RHO","CTL","Bot",4.73,"9/26/2017","RHOCTLBot","Sept."
"285",2017,"Sept.","MCN","CTL","Bot",5.8,"10/3/2017","MCNCTLBot","Sept."
"286",2017,"Sept.","MCN","TRT","Bot",8.85,"10/3/2017","MCNTRTBot","Sept."
"287",2017,"Sept.","WOR","TRT","Top",8.87,"9/26/2017","WORTRTTop","Sept."
"288",2017,"Sept.","WOR","TRT","Bot",9.01,"9/26/2017","WORTRTBot","Sept."
"289",2017,"Sept.","WOR","CTL","Bot",7.36,"9/26/2017","WORCTLBot","Sept."
"290",2017,"Sept.","ARM","TRT","Top",7.49,"9/11/2017","ARMTRTTop","Sept."
"291",2017,"Sept.","ARM","TRT","Bot",7.62,"9/11/2017","ARMTRTBot","Sept."
"292",2017,"Sept.","ARM","CTL","Bot",10.6,"9/11/2017","ARMCTLBot","Sept."
"293",2017,"Sept.","WHI","TRT","Top",14.78,"9/28/2017","WHITRTTop","Sept."
"294",2017,"Sept.","WHI","TRT","Bot",15,"9/28/2017","WHITRTBot","Sept."
"295",2017,"Sept.","WHI","CTL","Bot",13.83,"9/28/2017","WHICTLBot","Sept."
"296",2017,"Sept.","GUT","TRT","Top",7.74,"10/4/2017","GUTTRTTop","Sept."
"297",2017,"Sept.","GUT","TRT","Bot",7.82,"10/4/2017","GUTTRTBot","Sept."
"298",2017,"Oct.","SPL","TRT","Top",4.31,"10/19/2017","SPLTRTTop","Oct."
"299",2017,"Oct.","SPL","TRT","Bot",4.74,"10/19/2017","SPLTRTBot","Oct."
"300",2017,"Oct.","SPL","CTL","Bot",5.05,"10/19/2017","SPLCTLBot","Oct."
"301",2017,"Oct.","SPL","CTL","Top",3.34,"10/19/2017","SPLCTLTop","Oct."
"302",2017,"Oct.","EIA","TRT","Bot",5.49,"10/16/2017","EIATRTBot","Oct."
"303",2017,"Oct.","EIA","TRT","Top",6.14,"10/16/2017","EIATRTTop","Oct."
"304",2017,"Oct.","EIA","CTL","Bot",7.78,"10/16/2017","EIACTLBot","Oct."
"305",2017,"Oct.","RHO","TRT","Top",2.94,"10/16/2017","RHOTRTTop","Oct."
"306",2017,"Oct.","RHO","TRT","Bot",2.03,"10/16/2017","RHOTRTBot","Oct."
"307",2017,"Oct.","RHO","CTL","Bot",1.67,"10/16/2017","RHOCTLBot","Oct."
"308",2017,"Oct.","MCN","CTL","Bot",4.3,"10/17/2017","MCNCTLBot","Oct."
"309",2017,"Oct.","MCN","TRT","Bot",7.33,"10/17/2017","MCNTRTBot","Oct."
"310",2017,"Oct.","WOR","TRT","Top",7.52,"10/23/2017","WORTRTTop","Oct."
"311",2017,"Oct.","WOR","TRT","Bot",7.49,"10/23/2017","WORTRTBot","Oct."
"312",2017,"Oct.","WOR","CTL","Bot",3.85,"10/23/2017","WORCTLBot","Oct."
"313",2017,"Oct.","ARM","TRT","Top",4.64,"10/18/2017","ARMTRTTop","Oct."
"314",2017,"Oct.","ARM","TRT","Bot",5.29,"10/18/2017","ARMTRTBot","Oct."
"315",2017,"Oct.","ARM","CTL","Bot",2.73,"10/18/2017","ARMCTLBot","Oct."
"316",2017,"Oct.","WHI","TRT","Top",14.78,"10/18/2017","WHITRTTop","Oct."
"317",2017,"Oct.","WHI","TRT","Bot",15,"10/18/2017","WHITRTBot","Oct."
"318",2017,"Oct.","WHI","CTL","Bot",9.78,"10/18/2017","WHICTLBot","Oct."
"319",2017,"Nov.","SPL","TRT","Top",5.2,"11/28/2017","SPLTRTTop","Nov."
"320",2017,"Nov.","SPL","TRT","Bot",5.59,"11/28/2017","SPLTRTBot","Nov."
"321",2017,"Nov.","SPL","CTL","Bot",5.68,"11/28/2017","SPLCTLBot","Nov."
"322",2017,"Nov.","SPL","CTL","Top",4.34,"11/28/2017","SPLCTLTop","Nov."
"323",2017,"Nov.","EIA","TRT","Bot",5.86,"11/7/2017","EIATRTBot","Nov."
"324",2017,"Nov.","EIA","TRT","Top",5.92,"11/7/2017","EIATRTTop","Nov."
"325",2017,"Nov.","EIA","CTL","Bot",7.83,"11/7/2017","EIACTLBot","Nov."
"326",2017,"Nov.","RHO","TRT","Top",3.28,"11/14/2017","RHOTRTTop","Nov."
"327",2017,"Nov.","RHO","TRT","Bot",2.48,"11/14/2017","RHOTRTBot","Nov."
"328",2017,"Nov.","RHO","CTL","Bot",2.83,"11/14/2017","RHOCTLBot","Nov."
"329",2017,"Nov.","MCN","CTL","Bot",6.65,"11/10/2017","MCNCTLBot","Nov."
"330",2017,"Nov.","MCN","TRT","Bot",3.21,"11/10/2017","MCNTRTBot","Nov."
"331",2017,"Nov.","WOR","TRT","Top",6.56,"11/14/2017","WORTRTTop","Nov."
"332",2017,"Nov.","WOR","TRT","Bot",6.55,"11/14/2017","WORTRTBot","Nov."
"333",2017,"Nov.","WOR","CTL","Bot",3.75,"11/14/2017","WORCTLBot","Nov."
"334",2017,"Nov.","ARM","TRT","Top",4.72,"11/6/2017","ARMTRTTop","Nov."
"335",2017,"Nov.","ARM","TRT","Bot",5.3,"11/6/2017","ARMTRTBot","Nov."
"336",2017,"Nov.","ARM","CTL","Bot",7.75,"11/6/2017","ARMCTLBot","Nov."
"337",2017,"Nov.","WHI","TRT","Top",14.79,"11/22/2017","WHITRTTop","Nov."
"338",2017,"Nov.","WHI","TRT","Bot",15,"11/22/2017","WHITRTBot","Nov."
"339",2017,"Nov.","WHI","CTL","Bot",14.11,"11/22/2017","WHICTLBot","Nov."
"340",2017,"Dec.","SPL","TRT","Top",5.23,"12/14/2017","SPLTRTTop","Dec."
"341",2017,"Dec.","SPL","TRT","Bot",5.53,"12/14/2017","SPLTRTBot","Dec."
"342",2017,"Dec.","SPL","CTL","Bot",5.79,"12/14/2017","SPLCTLBot","Dec."
"343",2017,"Dec.","SPL","CTL","Top",4.54,"12/14/2017","SPLCTLTop","Dec."
"344",2017,"Dec.","EIA","TRT","Bot",6.34,"12/13/2017","EIATRTBot","Dec."
"345",2017,"Dec.","EIA","TRT","Top",6.11,"12/13/2017","EIATRTTop","Dec."
"346",2017,"Dec.","EIA","CTL","Bot",7.63,"12/13/2017","EIACTLBot","Dec."
"347",2017,"Dec.","RHO","TRT","Top",3.55,"12/13/2017","RHOTRTTop","Dec."
"348",2017,"Dec.","RHO","TRT","Bot",2.8,"12/13/2017","RHOTRTBot","Dec."
"349",2017,"Dec.","RHO","CTL","Bot",3.08,"12/13/2017","RHOCTLBot","Dec."
"350",2017,"Dec.","MCN","CTL","Bot",3.49,"12/12/2017","MCNCTLBot","Dec."
"351",2017,"Dec.","MCN","TRT","Bot",6.61,"12/12/2017","MCNTRTBot","Dec."
"352",2017,"Dec.","WOR","TRT","Top",6.42,"12/15/2017","WORTRTTop","Dec."
"353",2017,"Dec.","WOR","TRT","Bot",6.2,"12/15/2017","WORTRTBot","Dec."
"354",2017,"Dec.","WOR","CTL","Bot",3.74,"12/15/2017","WORCTLBot","Dec."
"355",2017,"Dec.","ARM","TRT","Top",6.32,"12/11/2017","ARMTRTTop","Dec."
"356",2017,"Dec.","ARM","TRT","Bot",6.56,"12/11/2017","ARMTRTBot","Dec."
"357",2017,"Dec.","ARM","CTL","Bot",11.2,"12/11/2017","ARMCTLBot","Dec."
"358",2017,"Dec.","WHI","TRT","Top",14.78,"12/15/2017","WHITRTTop","Dec."
"359",2017,"Dec.","WHI","TRT","Bot",15,"12/15/2017","WHITRTBot","Dec."
"360",2017,"Dec.","WHI","CTL","Bot",14.72,"12/15/2017","WHICTLBot","Dec."
"361",2017,"Dec.","GUT","TRT","Top",5.18,"12/18/2017","GUTTRTTop","Dec."
"362",2017,"Dec.","GUT","TRT","Bot",5.2,"12/18/2017","GUTTRTBot","Dec."
"363",2018,"Jan.","ARM","TRT","Top",7.94,"1/17/2018","ARMTRTTop","Jan."
"364",2018,"Jan.","ARM","TRT","Bot",7.97,"1/17/2018","ARMTRTBot","Jan."
"365",2018,"Jan.","ARM","CTL","Bot",12.38,"1/17/2018","ARMCTLBot","Jan."
"366",2018,"Jan.","EIA","TRT","Bot",5.33,"1/25/2018","EIATRTBot","Jan."
"367",2018,"Jan.","EIA","TRT","Top",5.26,"1/25/2018","EIATRTTop","Jan."
"368",2018,"Jan.","EIA","CTL","Bot",5.28,"1/25/2018","EIACTLBot","Jan."
"369",2018,"Jan.","MCN","CTL","Bot",3.61,"1/19/2018","MCNCTLBot","Jan."
"370",2018,"Jan.","MCN","TRT","Bot",6.27,"1/19/2018","MCNTRTBot","Jan."
"371",2018,"Jan.","RHO","TRT","Top",2.97,"1/25/2018","RHOTRTTop","Jan."
"372",2018,"Jan.","RHO","TRT","Bot",1.94,"1/25/2018","RHOTRTBot","Jan."
"373",2018,"Jan.","RHO","CTL","Bot",2.59,"1/25/2018","RHOCTLBot","Jan."
"374",2018,"Jan.","SPL","TRT","Top",5.29,"1/18/2018","SPLTRTTop","Jan."
"375",2018,"Jan.","SPL","TRT","Bot",5.81,"1/18/2018","SPLTRTBot","Jan."
"376",2018,"Jan.","SPL","CTL","Bot",5.95,"1/18/2018","SPLCTLBot","Jan."
"377",2018,"Jan.","SPL","CTL","Top",4.96,"1/18/2018","SPLCTLTop","Jan."
"378",2018,"Jan.","WHI","TRT","Top",14.8,"1/26/2018","WHITRTTop","Jan."
"379",2018,"Jan.","WHI","TRT","Bot",15,"1/26/2018","WHITRTBot","Jan."
"380",2018,"Jan.","WHI","CTL","Bot",8.15,"1/26/2018","WHICTLBot","Jan."
"381",2018,"Jan.","WOR","TRT","Top",6.45,"1/19/2018","WORTRTTop","Jan."
"382",2018,"Jan.","WOR","TRT","Bot",5.83,"1/19/2018","WORTRTBot","Jan."
"383",2018,"Jan.","WOR","CTL","Bot",3.51,"1/19/2018","WORCTLBot","Jan."
"384",2018,"Feb.","ARM","TRT","Top",5.9,"2/15/2018","ARMTRTTop","Feb."
"385",2018,"Feb.","ARM","TRT","Bot",5.9,"2/15/2018","ARMTRTBot","Feb."
"386",2018,"Feb.","ARM","CTL","Bot",6.38,"2/15/2018","ARMCTLBot","Feb."
"387",2018,"Feb.","EIA","TRT","Bot",0,"2/28/2018","EIATRTBot","Feb."
"388",2018,"Feb.","EIA","TRT","Top",4.45,"2/28/2018","EIATRTTop","Feb."
"389",2018,"Feb.","EIA","CTL","Bot",4.23,"2/28/2018","EIACTLBot","Feb."
"390",2018,"Feb.","MCN","CTL","Bot",2.66,"2/13/2018","MCNCTLBot","Feb."
"391",2018,"Feb.","MCN","TRT","Bot",5.09,"2/13/2018","MCNTRTBot","Feb."
"392",2018,"Feb.","RHO","TRT","Top",2.74,"2/28/2018","RHOTRTTop","Feb."
"393",2018,"Feb.","RHO","TRT","Bot",1.86,"2/28/2018","RHOTRTBot","Feb."
"394",2018,"Feb.","RHO","CTL","Bot",2.38,"2/28/2018","RHOCTLBot","Feb."
"395",2018,"Feb.","SPL","TRT","Top",NA,"2/14/2018","SPLTRTTop","Feb."
"396",2018,"Feb.","SPL","TRT","Bot",NA,"2/14/2018","SPLTRTBot","Feb."
"397",2018,"Feb.","SPL","CTL","Bot",6.05,"2/14/2018","SPLCTLBot","Feb."
"398",2018,"Feb.","SPL","CTL","Top",NA,"2/14/2018","SPLCTLTop","Feb."
"399",2018,"Feb.","WHI","TRT","Top",14.79,"2/22/2018","WHITRTTop","Feb."
"400",2018,"Feb.","WHI","TRT","Bot",15,"2/22/2018","WHITRTBot","Feb."
"401",2018,"Feb.","WHI","CTL","Bot",10.55,"2/22/2018","WHICTLBot","Feb."
"402",2018,"Feb.","WOR","TRT","Top",6.12,"2/13/2018","WORTRTTop","Feb."
"403",2018,"Feb.","WOR","TRT","Bot",5.48,"2/13/2018","WORTRTBot","Feb."
"404",2018,"Feb.","WOR","CTL","Bot",3.5,"2/13/2018","WORCTLBot","Feb."
"405",2018,"Mar.","ARM","TRT","Top",7.23,"3/15/2018","ARMTRTTop","Mar."
"406",2018,"Mar.","ARM","TRT","Bot",7.19,"3/15/2018","ARMTRTBot","Mar."
"407",2018,"Mar.","ARM","CTL","Bot",10.55,"3/15/2018","ARMCTLBot","Mar."
"408",2018,"Mar.","EIA","TRT","Bot",4.48,"3/12/2018","EIATRTBot","Mar."
"409",2018,"Mar.","EIA","TRT","Top",4.52,"3/12/2018","EIATRTTop","Mar."
"410",2018,"Mar.","EIA","CTL","Bot",4.54,"3/12/2018","EIACTLBot","Mar."
"411",2018,"Mar.","MCN","CTL","Bot",0.63,"3/20/2018","MCNCTLBot","Mar."
"412",2018,"Mar.","MCN","TRT","Bot",1.45,"3/20/2018","MCNTRTBot","Mar."
"413",2018,"Mar.","RHO","TRT","Top",3.02,"3/14/2018","RHOTRTTop","Mar."
"414",2018,"Mar.","RHO","TRT","Bot",1.95,"3/14/2018","RHOTRTBot","Mar."
"415",2018,"Mar.","RHO","CTL","Bot",2.73,"3/14/2018","RHOCTLBot","Mar."
"416",2018,"Mar.","SPL","TRT","Top",NA,"3/19/2018","SPLTRTTop","Mar."
"417",2018,"Mar.","SPL","TRT","Bot",NA,"3/19/2018","SPLTRTBot","Mar."
"418",2018,"Mar.","SPL","CTL","Bot",3.8,"3/19/2018","SPLCTLBot","Mar."
"419",2018,"Mar.","SPL","CTL","Top",3.18,"3/19/2018","SPLCTLTop","Mar."
"420",2018,"Mar.","WHI","TRT","Top",14.8,"3/13/2018","WHITRTTop","Mar."
"421",2018,"Mar.","WHI","TRT","Bot",15,"3/13/2018","WHITRTBot","Mar."
"422",2018,"Mar.","WHI","CTL","Bot",9.45,"3/13/2018","WHICTLBot","Mar."
"423",2018,"Mar.","WOR","TRT","Top",6.28,"3/14/2018","WORTRTTop","Mar."
"424",2018,"Mar.","WOR","TRT","Bot",5.22,"3/14/2018","WORTRTBot","Mar."
"425",2018,"Mar.","WOR","CTL","Bot",3.07,"3/14/2018","WORCTLBot","Mar."
"426",2018,"Mar.","GUT","TRT","Top",4.84,"3/9/2018","GUTTRTTop","Mar."
"427",2018,"Mar.","GUT","TRT","Bot",4.98,"3/9/2018","GUTTRTBot","Mar."
"428",2018,"Apr.","ARM","TRT","Top",5.4,"4/11/2018","ARMTRTTop","Apr."
"429",2018,"Apr.","ARM","TRT","Bot",5.84,"4/11/2018","ARMTRTBot","Apr."
"430",2018,"Apr.","ARM","CTL","Bot",8.36,"4/11/2018","ARMCTLBot","Apr."
"431",2018,"Apr.","EIA","TRT","Bot",4.36,"4/23/2018","EIATRTBot","Apr."
"432",2018,"Apr.","EIA","TRT","Top",4.25,"4/23/2018","EIATRTTop","Apr."
"433",2018,"Apr.","EIA","CTL","Bot",3.84,"4/23/2018","EIACTLBot","Apr."
"434",2018,"Apr.","MCN","CTL","Bot",1.08,"4/9/2018","MCNCTLBot","Apr."
"435",2018,"Apr.","MCN","TRT","Bot",1.44,"4/9/2018","MCNTRTBot","Apr."
"436",2018,"Apr.","RHO","TRT","Top",2.65,"4/23/2018","RHOTRTTop","Apr."
"437",2018,"Apr.","RHO","TRT","Bot",1.68,"4/23/2018","RHOTRTBot","Apr."
"438",2018,"Apr.","RHO","CTL","Bot",1.45,"4/23/2018","RHOCTLBot","Apr."
"439",2018,"Apr.","SPL","TRT","Top",3.02,"4/12/2018","SPLTRTTop","Apr."
"440",2018,"Apr.","SPL","TRT","Bot",4.41,"4/12/2018","SPLTRTBot","Apr."
"441",2018,"Apr.","SPL","CTL","Bot",4.76,"4/12/2018","SPLCTLBot","Apr."
"442",2018,"Apr.","SPL","CTL","Top",2.55,"4/12/2018","SPLCTLTop","Apr."
"443",2018,"Apr.","WHI","TRT","Top",14.79,"4/10/2018","WHITRTTop","Apr."
"444",2018,"Apr.","WHI","TRT","Bot",15,"4/10/2018","WHITRTBot","Apr."
"445",2018,"Apr.","WHI","CTL","Bot",8.65,"4/10/2018","WHICTLBot","Apr."
"446",2018,"Apr.","WOR","TRT","Top",5.1,"4/11/2018","WORTRTTop","Apr."
"447",2018,"Apr.","WOR","TRT","Bot",4.58,"4/11/2018","WORTRTBot","Apr."
"448",2018,"Apr.","WOR","CTL","Bot",2.08,"4/11/2018","WORCTLBot","Apr."
"449",2018,"May","ARM","TRT","Top",5.14,"5/7/2018","ARMTRTTop","May"
"450",2018,"May","ARM","TRT","Bot",5.41,"5/7/2018","ARMTRTBot","May"
"451",2018,"May","ARM","CTL","Bot",2.84,"5/7/2018","ARMCTLBot","May"
"452",2018,"May","EIA","TRT","Bot",4.51,"5/10/2018","EIATRTBot","May"
"453",2018,"May","EIA","TRT","Top",4.54,"5/10/2018","EIATRTTop","May"
"454",2018,"May","EIA","CTL","Bot",3.83,"5/10/2018","EIACTLBot","May"
"455",2018,"May","MCN","CTL","Bot",1.1,"5/8/2018","MCNCTLBot","May"
"456",2018,"May","MCN","TRT","Bot",1.78,"5/8/2018","MCNTRTBot","May"
"457",2018,"May","RHO","TRT","Top",1.1,"5/4/2018","RHOTRTTop","May"
"458",2018,"May","RHO","TRT","Bot",0.31,"5/4/2018","RHOTRTBot","May"
"459",2018,"May","RHO","CTL","Bot",0.49,"5/4/2018","RHOCTLBot","May"
"460",2018,"May","SPL","TRT","Top",3.67,"5/23/2018","SPLTRTTop","May"
"461",2018,"May","SPL","TRT","Bot",4.37,"5/23/2018","SPLTRTBot","May"
"462",2018,"May","SPL","CTL","Bot",4.51,"5/23/2018","SPLCTLBot","May"
"463",2018,"May","SPL","CTL","Top",1.73,"5/23/2018","SPLCTLTop","May"
"464",2018,"May","WHI","TRT","Top",5.95,"5/11/2018","WHITRTTop","May"
"465",2018,"May","WHI","TRT","Bot",6.27,"5/11/2018","WHITRTBot","May"
"466",2018,"May","WHI","CTL","Bot",4.17,"5/11/2018","WHICTLBot","May"
"467",2018,"May","WOR","TRT","Top",4.08,"5/3/2018","WORTRTTop","May"
"468",2018,"May","WOR","TRT","Bot",3.78,"5/3/2018","WORTRTBot","May"
"469",2018,"May","WOR","CTL","Bot",0.43,"5/3/2018","WORCTLBot","May"
"470",2018,"June","ARM","TRT","Top",4.11,"6/6/2018","ARMTRTTop","June"
"471",2018,"June","ARM","TRT","Bot",4.78,"6/6/2018","ARMTRTBot","June"
"472",2018,"June","ARM","CTL","Bot",2.7,"6/6/2018","ARMCTLBot","June"
"473",2018,"June","EIA","TRT","Bot",4,"6/11/2018","EIATRTBot","June"
"474",2018,"June","EIA","TRT","Top",3.94,"6/11/2018","EIATRTTop","June"
"475",2018,"June","EIA","CTL","Bot",3.29,"6/11/2018","EIACTLBot","June"
"476",2018,"June","MCN","CTL","Bot",0.83,"6/4/2018","MCNCTLBot","June"
"477",2018,"June","MCN","TRT","Bot",1.62,"6/4/2018","MCNTRTBot","June"
"478",2018,"June","RHO","TRT","Top",3.1,"6/12/2018","RHOTRTTop","June"
"479",2018,"June","RHO","TRT","Bot",2.35,"6/12/2018","RHOTRTBot","June"
"480",2018,"June","RHO","CTL","Bot",2.68,"6/12/2018","RHOCTLBot","June"
"481",2018,"June","SPL","TRT","Top",4.97,"6/7/2018","SPLTRTTop","June"
"482",2018,"June","SPL","TRT","Bot",4.88,"6/7/2018","SPLTRTBot","June"
"483",2018,"June","SPL","CTL","Bot",5.14,"6/7/2018","SPLCTLBot","June"
"484",2018,"June","SPL","CTL","Top",3.41,"6/7/2018","SPLCTLTop","June"
"485",2018,"June","WHI","TRT","Top",13.41,"6/8/2018","WHITRTTop","June"
"486",2018,"June","WHI","TRT","Bot",14.76,"6/8/2018","WHITRTBot","June"
"487",2018,"June","WHI","CTL","Bot",5.24,"6/8/2018","WHICTLBot","June"
"488",2018,"June","WOR","TRT","Top",4.86,"6/8/2018","WORTRTTop","June"
"489",2018,"June","WOR","TRT","Bot",5.06,"6/8/2018","WORTRTBot","June"
"490",2018,"June","WOR","CTL","Bot",1.42,"6/8/2018","WORCTLBot","June"
"491",2018,"June","GUT","TRT","Top",2.77,"6/18/2018","GUTTRTTop","June"
"492",2018,"June","GUT","TRT","Bot",2.81,"6/18/2018","GUTTRTBot","June"
"493",2018,"July","ARM","TRT","Top",3.9,"7/6/2018","ARMTRTTop","July"
"494",2018,"July","ARM","TRT","Bot",4.48,"7/6/2018","ARMTRTBot","July"
"495",2018,"July","ARM","CTL","Bot",2.4,"7/6/2018","ARMCTLBot","July"
"496",2018,"July","EIA","TRT","Bot",4.33,"7/3/2018","EIATRTBot","July"
"497",2018,"July","EIA","TRT","Top",4.3,"7/3/2018","EIATRTTop","July"
"498",2018,"July","EIA","CTL","Bot",NA,"7/3/2018","EIACTLBot","July"
"499",2018,"July","MCN","CTL","Bot",0,"7/2/2018","MCNCTLBot","July"
"500",2018,"July","MCN","TRT","Bot",1.01,"7/2/2018","MCNTRTBot","July"
"501",2018,"July","RHO","TRT","Top",2.58,"7/3/2018","RHOTRTTop","July"
"502",2018,"July","RHO","TRT","Bot",1.62,"7/3/2018","RHOTRTBot","July"
"503",2018,"July","RHO","CTL","Bot",1.37,"7/3/2018","RHOCTLBot","July"
"504",2018,"July","SPL","TRT","Top",2.58,"7/5/2018","SPLTRTTop","July"
"505",2018,"July","SPL","TRT","Bot",3.59,"7/5/2018","SPLTRTBot","July"
"506",2018,"July","SPL","CTL","Bot",2.57,"7/5/2018","SPLCTLBot","July"
"507",2018,"July","SPL","CTL","Top",1.53,"7/5/2018","SPLCTLTop","July"
"508",2018,"July","WHI","TRT","Top",6.72,"7/10/2018","WHITRTTop","July"
"509",2018,"July","WHI","TRT","Bot",6.99,"7/10/2018","WHITRTBot","July"
"510",2018,"July","WHI","CTL","Bot",3.92,"7/10/2018","WHICTLBot","July"
"511",2018,"July","WOR","TRT","Top",4.03,"7/2/2018","WORTRTTop","July"
"512",2018,"July","WOR","TRT","Bot",3.76,"7/2/2018","WORTRTBot","July"
"513",2018,"July","WOR","CTL","Bot",0.5,"7/2/2018","WORCTLBot","July"
"514",2018,"Aug.","ARM","TRT","Top",5.97,"8/14/2018","ARMTRTTop","Aug."
"515",2018,"Aug.","ARM","TRT","Bot",6.23,"8/14/2018","ARMTRTBot","Aug."
"516",2018,"Aug.","ARM","CTL","Bot",10.1,"8/14/2018","ARMCTLBot","Aug."
"517",2018,"Aug.","EIA","TRT","Bot",4.81,"8/6/2018","EIATRTBot","Aug."
"518",2018,"Aug.","EIA","TRT","Top",5.22,"8/6/2018","EIATRTTop","Aug."
"519",2018,"Aug.","EIA","CTL","Bot",4.99,"8/6/2018","EIACTLBot","Aug."
"520",2018,"Aug.","MCN","CTL","Bot",4.07,"8/9/2018","MCNCTLBot","Aug."
"521",2018,"Aug.","MCN","TRT","Bot",6.53,"8/9/2018","MCNTRTBot","Aug."
"522",2018,"Aug.","RHO","TRT","Top",1.92,"8/7/2018","RHOTRTTop","Aug."
"523",2018,"Aug.","RHO","TRT","Bot",0.69,"8/7/2018","RHOTRTBot","Aug."
"524",2018,"Aug.","RHO","CTL","Bot",1.17,"8/7/2018","RHOCTLBot","Aug."
"525",2018,"Aug.","SPL","TRT","Top",5.25,"8/13/2018","SPLTRTTop","Aug."
"526",2018,"Aug.","SPL","TRT","Bot",5.37,"8/13/2018","SPLTRTBot","Aug."
"527",2018,"Aug.","SPL","CTL","Bot",5.5,"8/13/2018","SPLCTLBot","Aug."
"528",2018,"Aug.","SPL","CTL","Top",4.06,"8/13/2018","SPLCTLTop","Aug."
"529",2018,"Aug.","WHI","TRT","Top",14.76,"8/15/2018","WHITRTTop","Aug."
"530",2018,"Aug.","WHI","TRT","Bot",14.76,"8/15/2018","WHITRTBot","Aug."
"531",2018,"Aug.","WHI","CTL","Bot",10.19,"8/15/2018","WHICTLBot","Aug."
"532",2018,"Aug.","WOR","TRT","Top",5.49,"8/7/2018","WORTRTTop","Aug."
"533",2018,"Aug.","WOR","TRT","Bot",5.09,"8/7/2018","WORTRTBot","Aug."
"534",2018,"Aug.","WOR","CTL","Bot",2.04,"8/7/2018","WORCTLBot","Aug."
"535",2018,"Sept.","ARM","TRT","Top",2.74,"9/4/2018","ARMTRTTop","Sept."
"536",2018,"Sept.","ARM","TRT","Bot",3.37,"9/4/2018","ARMTRTBot","Sept."
"537",2018,"Sept.","ARM","CTL","Bot",0.44,"9/4/2018","ARMCTLBot","Sept."
"538",2018,"Sept.","EIA","TRT","Bot",2.48,"9/6/2018","EIATRTBot","Sept."
"539",2018,"Sept.","EIA","TRT","Top",3.45,"9/6/2018","EIATRTTop","Sept."
"540",2018,"Sept.","EIA","CTL","Bot",3.76,"9/6/2018","EIACTLBot","Sept."
"541",2018,"Sept.","MCN","CTL","Bot",1.33,"9/11/2018","MCNCTLBot","Sept."
"542",2018,"Sept.","MCN","TRT","Bot",1.74,"9/11/2018","MCNTRTBot","Sept."
"543",2018,"Sept.","RHO","TRT","Top",2.69,"9/14/2018","RHOTRTTop","Sept."
"544",2018,"Sept.","RHO","TRT","Bot",1.88,"9/14/2018","RHOTRTBot","Sept."
"545",2018,"Sept.","RHO","CTL","Bot",1.91,"9/14/2018","RHOCTLBot","Sept."
"546",2018,"Sept.","SPL","TRT","Top",4.52,"9/13/2018","SPLTRTTop","Sept."
"547",2018,"Sept.","SPL","TRT","Bot",4.7,"9/13/2018","SPLTRTBot","Sept."
"548",2018,"Sept.","SPL","CTL","Bot",4.95,"9/13/2018","SPLCTLBot","Sept."
"549",2018,"Sept.","SPL","CTL","Top",3.41,"9/13/2018","SPLCTLTop","Sept."
"550",2018,"Sept.","WHI","TRT","Top",14.77,"9/12/2018","WHITRTTop","Sept."
"551",2018,"Sept.","WHI","TRT","Bot",14.76,"9/12/2018","WHITRTBot","Sept."
"552",2018,"Sept.","WHI","CTL","Bot",8.5,"9/12/2018","WHICTLBot","Sept."
"553",2018,"Sept.","WOR","TRT","Top",5.01,"9/12/2018","WORTRTTop","Sept."
"554",2018,"Sept.","WOR","TRT","Bot",4.49,"9/12/2018","WORTRTBot","Sept."
"555",2018,"Sept.","WOR","CTL","Bot",1.83,"9/12/2018","WORCTLBot","Sept."
"556",2018,"Sept.","GUT","TRT","Top",3.25,"9/14/2018","GUTTRTTop","Sept."
"557",2018,"Sept.","GUT","TRT","Bot",3.31,"9/14/2018","GUTTRTBot","Sept."
"558",2018,"Oct.","ARM","TRT","Top",4.24,"10/4/2018","ARMTRTTop","Oct."
"559",2018,"Oct.","ARM","TRT","Bot",4.78,"10/4/2018","ARMTRTBot","Oct."
"560",2018,"Oct.","ARM","CTL","Bot",2.3,"10/4/2018","ARMCTLBot","Oct."
"561",2018,"Oct.","EIA","TRT","Bot",4.14,"10/2/2018","EIATRTBot","Oct."
"562",2018,"Oct.","EIA","TRT","Top",3.7,"10/2/2018","EIATRTTop","Oct."
"563",2018,"Oct.","EIA","CTL","Bot",3.65,"10/2/2018","EIACTLBot","Oct."
"564",2018,"Oct.","MCN","CTL","Bot",2.63,"10/1/2018","MCNCTLBot","Oct."
"565",2018,"Oct.","MCN","TRT","Bot",3.79,"10/1/2018","MCNTRTBot","Oct."
"566",2018,"Oct.","RHO","TRT","Top",2.08,"10/2/2018","RHOTRTTop","Oct."
"567",2018,"Oct.","RHO","TRT","Bot",0.82,"10/2/2018","RHOTRTBot","Oct."
"568",2018,"Oct.","RHO","CTL","Bot",0.48,"10/2/2018","RHOCTLBot","Oct."
"569",2018,"Oct.","SPL","TRT","Top",4.5,"10/3/2018","SPLTRTTop","Oct."
"570",2018,"Oct.","SPL","TRT","Bot",4.64,"10/3/2018","SPLTRTBot","Oct."
"571",2018,"Oct.","SPL","CTL","Bot",4.76,"10/3/2018","SPLCTLBot","Oct."
"572",2018,"Oct.","SPL","CTL","Top",2.79,"10/3/2018","SPLCTLTop","Oct."
"573",2018,"Oct.","WHI","TRT","Top",5.2,"10/4/2018","WHITRTTop","Oct."
"574",2018,"Oct.","WHI","TRT","Bot",5.21,"10/4/2018","WHITRTBot","Oct."
"575",2018,"Oct.","WHI","CTL","Bot",3.53,"10/4/2018","WHICTLBot","Oct."
"576",2018,"Oct.","WOR","TRT","Top",4.13,"10/2/2018","WORTRTTop","Oct."
"577",2018,"Oct.","WOR","TRT","Bot",4.12,"10/2/2018","WORTRTBot","Oct."
"578",2018,"Oct.","WOR","CTL","Bot",0.48,"10/2/2018","WORCTLBot","Oct."
"579",2018,"Nov.","ARM","TRT","Top",4.23,"11/9/2018","ARMTRTTop","Nov."
"580",2018,"Nov.","ARM","TRT","Bot",4.78,"11/9/2018","ARMTRTBot","Nov."
"581",2018,"Nov.","ARM","CTL","Bot",2.11,"11/9/2018","ARMCTLBot","Nov."
"582",2018,"Nov.","EIA","TRT","Bot",4.1,"11/8/2018","EIATRTBot","Nov."
"583",2018,"Nov.","EIA","TRT","Top",3.73,"11/8/2018","EIATRTTop","Nov."
"584",2018,"Nov.","EIA","CTL","Bot",3.6,"11/8/2018","EIACTLBot","Nov."
"585",2018,"Nov.","MCN","CTL","Bot",0.35,"11/12/2018","MCNCTLBot","Nov."
"586",2018,"Nov.","MCN","TRT","Bot",0.88,"11/12/2018","MCNTRTBot","Nov."
"587",2018,"Nov.","RHO","TRT","Top",2.14,"11/6/2018","RHOTRTTop","Nov."
"588",2018,"Nov.","RHO","TRT","Bot",0.88,"11/6/2018","RHOTRTBot","Nov."
"589",2018,"Nov.","RHO","CTL","Bot",0.41,"11/6/2018","RHOCTLBot","Nov."
"590",2018,"Nov.","SPL","TRT","Top",5.02,"11/29/2018","SPLTRTTop","Nov."
"591",2018,"Nov.","SPL","TRT","Bot",5.44,"11/29/2018","SPLTRTBot","Nov."
"592",2018,"Nov.","SPL","CTL","Bot",5.49,"11/29/2018","SPLCTLBot","Nov."
"593",2018,"Nov.","SPL","CTL","Top",4.01,"11/29/2018","SPLCTLTop","Nov."
"594",2018,"Nov.","WHI","TRT","Top",7.8,"11/7/2018","WHITRTTop","Nov."
"595",2018,"Nov.","WHI","TRT","Bot",10.1,"11/7/2018","WHITRTBot","Nov."
"596",2018,"Nov.","WHI","CTL","Bot",6.8,"11/7/2018","WHICTLBot","Nov."
"597",2018,"Nov.","WOR","TRT","Top",4.75,"11/7/2018","WORTRTTop","Nov."
"598",2018,"Nov.","WOR","TRT","Bot",5.01,"11/7/2018","WORTRTBot","Nov."
"599",2018,"Nov.","WOR","CTL","Bot",1.53,"11/7/2018","WORCTLBot","Nov."
"600",2018,"Dec.","ARM","TRT","Top",4.24,"12/11/2018","ARMTRTTop","Dec."
"601",2018,"Dec.","ARM","TRT","Bot",4.77,"12/11/2018","ARMTRTBot","Dec."
"602",2018,"Dec.","ARM","CTL","Bot",1.93,"12/11/2018","ARMCTLBot","Dec."
"603",2018,"Dec.","MCN","CTL","Bot",0,"12/14/2018","MCNCTLBot","Dec."
"604",2018,"Dec.","MCN","TRT","Bot",0.44,"12/14/2018","MCNTRTBot","Dec."
"605",2018,"Dec.","RHO","TRT","Top",2.65,"12/19/2018","RHOTRTTop","Dec."
"606",2018,"Dec.","RHO","TRT","Bot",1.81,"12/19/2018","RHOTRTBot","Dec."
"607",2018,"Dec.","RHO","CTL","Bot",1.04,"12/19/2018","RHOCTLBot","Dec."
"608",2018,"Dec.","SPL","TRT","Top",5.12,"12/17/2018","SPLTRTTop","Dec."
"609",2018,"Dec.","SPL","TRT","Bot",5.59,"12/17/2018","SPLTRTBot","Dec."
"610",2018,"Dec.","SPL","CTL","Bot",5.61,"12/17/2018","SPLCTLBot","Dec."
"611",2018,"Dec.","SPL","CTL","Top",4.33,"12/17/2018","SPLCTLTop","Dec."
"612",2018,"Dec.","WHI","TRT","Top",7.2,"12/11/2018","WHITRTTop","Dec."
"613",2018,"Dec.","WHI","TRT","Bot",10.47,"12/11/2018","WHITRTBot","Dec."
"614",2018,"Dec.","WHI","CTL","Bot",6.06,"12/11/2018","WHICTLBot","Dec."
"615",2018,"Dec.","WOR","TRT","Top",5.99,"12/19/2018","WORTRTTop","Dec."
"616",2018,"Dec.","WOR","TRT","Bot",4.84,"12/19/2018","WORTRTBot","Dec."
"617",2018,"Dec.","WOR","CTL","Bot",2.63,"12/19/2018","WORCTLBot","Dec."
"618",2018,"Dec.","GUT","TRT","Top",3.09,"12/21/2018","GUTTRTTop","Dec."
"619",2018,"Dec.","GUT","TRT","Bot",3.33,"12/21/2018","GUTTRTBot","Dec."
"620",2019,"Jan.","ARM","TRT","Top",4.26,"1/10/2019","ARMTRTTop","Jan."
"621",2019,"Jan.","ARM","TRT","Bot",4.75,"1/10/2019","ARMTRTBot","Jan."
"622",2019,"Jan.","ARM","CTL","Bot",1.99,"1/10/2019","ARMCTLBot","Jan."
"623",2019,"Jan.","MCN","CTL","Bot",NA,"1/11/2019","MCNCTLBot","Jan."
"624",2019,"Jan.","MCN","TRT","Bot",0.82,"1/11/2019","MCNTRTBot","Jan."
"625",2019,"Jan.","RHO","TRT","Top",2.74,"1/11/2019","RHOTRTTop","Jan."
"626",2019,"Jan.","RHO","TRT","Bot",NA,"1/11/2019","RHOTRTBot","Jan."
"627",2019,"Jan.","RHO","CTL","Bot",1.48,"1/11/2019","RHOCTLBot","Jan."
"628",2019,"Jan.","SPL","TRT","Top",4.93,"1/14/2019","SPLTRTTop","Jan."
"629",2019,"Jan.","SPL","TRT","Bot",5.24,"1/14/2019","SPLTRTBot","Jan."
"630",2019,"Jan.","SPL","CTL","Bot",4.83,"1/14/2019","SPLCTLBot","Jan."
"631",2019,"Jan.","SPL","CTL","Top",4.11,"1/14/2019","SPLCTLTop","Jan."
"632",2019,"Jan.","WHI","TRT","Top",9.2,"1/16/2019","WHITRTTop","Jan."
"633",2019,"Jan.","WHI","TRT","Bot",14.28,"1/16/2019","WHITRTBot","Jan."
"634",2019,"Jan.","WHI","CTL","Bot",7.47,"1/16/2019","WHICTLBot","Jan."
"635",2019,"Jan.","WOR","TRT","Top",5.72,"1/16/2019","WORTRTTop","Jan."
"636",2019,"Jan.","WOR","TRT","Bot",5.29,"1/16/2019","WORTRTBot","Jan."
"637",2019,"Jan.","WOR","CTL","Bot",2.95,"1/16/2019","WORCTLBot","Jan."
"638",2019,"Feb.","ARM","TRT","Top",4.81,"2/22/2019","ARMTRTTop","Feb."
"639",2019,"Feb.","ARM","TRT","Bot",5.19,"2/22/2019","ARMTRTBot","Feb."
"640",2019,"Feb.","ARM","CTL","Bot",2.93,"2/22/2019","ARMCTLBot","Feb."
"641",2019,"Feb.","MCN","CTL","Bot",NA,"","MCNCTLBot","Feb."
"642",2019,"Feb.","MCN","TRT","Bot",NA,"","MCNTRTBot","Feb."
"643",2019,"Feb.","RHO","TRT","Top",3.05,"2/19/2019","RHOTRTTop","Feb."
"644",2019,"Feb.","RHO","TRT","Bot",NA,"","RHOTRTBot","Feb."
"645",2019,"Feb.","RHO","CTL","Bot",NA,"","RHOCTLBot","Feb."
"646",2019,"Feb.","SPL","TRT","Top",NA,"","SPLTRTTop","Feb."
"647",2019,"Feb.","SPL","TRT","Bot",NA,"","SPLTRTBot","Feb."
"648",2019,"Feb.","SPL","CTL","Bot",NA,"","SPLCTLBot","Feb."
"649",2019,"Feb.","SPL","CTL","Top",NA,"","SPLCTLTop","Feb."
"650",2019,"Feb.","WHI","TRT","Top",NA,"","WHITRTTop","Feb."
"651",2019,"Feb.","WHI","TRT","Bot",NA,"","WHITRTBot","Feb."
"652",2019,"Feb.","WHI","CTL","Bot",NA,"","WHICTLBot","Feb."
"653",2019,"Feb.","WOR","TRT","Top",NA,"","WORTRTTop","Feb."
"654",2019,"Feb.","WOR","TRT","Bot",NA,"","WORTRTBot","Feb."
"655",2019,"Feb.","WOR","CTL","Bot",NA,"","WORCTLBot","Feb."
"656",2019,"Mar.","ARM","TRT","Top",3.13,"3/18/2019","ARMTRTTop","Mar."
"657",2019,"Mar.","ARM","TRT","Bot",3.58,"3/18/2019","ARMTRTBot","Mar."
"658",2019,"Mar.","ARM","CTL","Bot",0.87,"3/18/2019","ARMCTLBot","Mar."
"659",2019,"Mar.","MCN","CTL","Bot",0,"3/20/2019","MCNCTLBot","Mar."
"660",2019,"Mar.","MCN","TRT","Bot",0.39,"3/20/2019","MCNTRTBot","Mar."
"661",2019,"Mar.","RHO","TRT","Top",2.5,"3/20/2019","RHOTRTTop","Mar."
"662",2019,"Mar.","RHO","TRT","Bot",1.78,"3/20/2019","RHOTRTBot","Mar."
"663",2019,"Mar.","RHO","CTL","Bot",NA,"3/20/2019","RHOCTLBot","Mar."
"664",2019,"Mar.","SPL","TRT","Top",2.92,"3/19/2019","SPLTRTTop","Mar."
"665",2019,"Mar.","SPL","TRT","Bot",NA,"3/19/2019","SPLTRTBot","Mar."
"666",2019,"Mar.","SPL","CTL","Bot",NA,"3/19/2019","SPLCTLBot","Mar."
"667",2019,"Mar.","SPL","CTL","Top",4.31,"3/19/2019","SPLCTLTop","Mar."
"668",2019,"Mar.","WHI","TRT","Top",8.67,"3/18/2019","WHITRTTop","Mar."
"669",2019,"Mar.","WHI","TRT","Bot",12.48,"3/18/2019","WHITRTBot","Mar."
"670",2019,"Mar.","WHI","CTL","Bot",3.93,"3/18/2019","WHICTLBot","Mar."
"671",2019,"Mar.","WOR","TRT","Top",5.08,"3/20/2019","WORTRTTop","Mar."
"672",2019,"Mar.","WOR","TRT","Bot",4.75,"3/20/2019","WORTRTBot","Mar."
"673",2019,"Mar.","WOR","CTL","Bot",2.88,"3/20/2019","WORCTLBot","Mar."
"674",2019,"Mar.","GUT","TRT","Top",2.61,"3/21/2019","GUTTRTTop","Mar."
"675",2019,"Mar.","GUT","TRT","Bot",2.81,"3/21/2019","GUTTRTBot","Mar."
"676",2019,"Apr.","ARM","TRT","Top",4.24,"4/5/2019","ARMTRTTop","Apr."
"677",2019,"Apr.","ARM","TRT","Bot",4.75,"4/5/2019","ARMTRTBot","Apr."
"678",2019,"Apr.","ARM","CTL","Bot",2.02,"4/5/2019","ARMCTLBot","Apr."
"679",2019,"Apr.","MCN","CTL","Bot",0.43,"4/4/2019","MCNCTLBot","Apr."
"680",2019,"Apr.","MCN","TRT","Bot",0.72,"4/4/2019","MCNTRTBot","Apr."
"681",2019,"Apr.","RHO","TRT","Top",2.8,"4/3/2019","RHOTRTTop","Apr."
"682",2019,"Apr.","RHO","TRT","Bot",2.02,"4/3/2019","RHOTRTBot","Apr."
"683",2019,"Apr.","RHO","CTL","Bot",1.27,"4/3/2019","RHOCTLBot","Apr."
"684",2019,"Apr.","SPL","TRT","Top",4.13,"4/8/2019","SPLTRTTop","Apr."
"685",2019,"Apr.","SPL","TRT","Bot",4.88,"4/8/2019","SPLTRTBot","Apr."
"686",2019,"Apr.","SPL","CTL","Bot",4.61,"4/8/2019","SPLCTLBot","Apr."
"687",2019,"Apr.","SPL","CTL","Top",3.5,"4/8/2019","SPLCTLTop","Apr."
"688",2019,"Apr.","WHI","TRT","Top",10.22,"4/5/2019","WHITRTTop","Apr."
"689",2019,"Apr.","WHI","TRT","Bot",14.75,"4/5/2019","WHITRTBot","Apr."
"690",2019,"Apr.","WHI","CTL","Bot",7.7,"4/5/2019","WHICTLBot","Apr."
"691",2019,"Apr.","WOR","TRT","Top",5.7,"4/4/2019","WORTRTTop","Apr."
"692",2019,"Apr.","WOR","TRT","Bot",4.98,"4/4/2019","WORTRTBot","Apr."
"693",2019,"Apr.","WOR","CTL","Bot",2.89,"4/4/2019","WORCTLBot","Apr."
"694",2019,"May","ARM","TRT","Top",5.23,"5/6/2019","ARMTRTTop","May"
"695",2019,"May","ARM","TRT","Bot",5.53,"5/6/2019","ARMTRTBot","May"
"696",2019,"May","ARM","CTL","Bot",8.14,"5/6/2019","ARMCTLBot","May"
"697",2019,"May","MCN","CTL","Bot",0,"5/8/2019","MCNCTLBot","May"
"698",2019,"May","MCN","TRT","Bot",0,"5/8/2019","MCNTRTBot","May"
"699",2019,"May","RHO","TRT","Top",2.59,"5/10/2019","RHOTRTTop","May"
"700",2019,"May","RHO","TRT","Bot",1.88,"5/10/2019","RHOTRTBot","May"
"701",2019,"May","RHO","CTL","Bot",0.84,"5/10/2019","RHOCTLBot","May"
"702",2019,"May","SPL","TRT","Top",4.3,"5/7/2019","SPLTRTTop","May"
"703",2019,"May","SPL","TRT","Bot",4.74,"5/7/2019","SPLTRTBot","May"
"704",2019,"May","SPL","CTL","Bot",4.61,"5/7/2019","SPLCTLBot","May"
"705",2019,"May","SPL","CTL","Top",3.07,"5/7/2019","SPLCTLTop","May"
"706",2019,"May","WHI","TRT","Top",12.25,"5/6/2019","WHITRTTop","May"
"707",2019,"May","WHI","TRT","Bot",14.76,"5/6/2019","WHITRTBot","May"
"708",2019,"May","WHI","CTL","Bot",8.88,"5/6/2019","WHICTLBot","May"
"709",2019,"May","WOR","TRT","Top",5.39,"5/9/2019","WORTRTTop","May"
"710",2019,"May","WOR","TRT","Bot",5,"5/9/2019","WORTRTBot","May"
"711",2019,"May","WOR","CTL","Bot",2.61,"5/9/2019","WORCTLBot","May"
"712",2019,"June","ARM","TRT","Top",3.78,"6/6/2019","ARMTRTTop","June"
"713",2019,"June","ARM","TRT","Bot",4.34,"6/6/2019","ARMTRTBot","June"
"714",2019,"June","ARM","CTL","Bot",1.82,"6/6/2019","ARMCTLBot","June"
"715",2019,"June","MCN","CTL","Bot",0.63,"6/4/2019","MCNCTLBot","June"
"716",2019,"June","MCN","TRT","Bot",1.15,"6/4/2019","MCNTRTBot","June"
"717",2019,"June","RHO","TRT","Top",NA,"6/5/2019","RHOTRTTop","June"
"718",2019,"June","RHO","TRT","Bot",0.74,"6/5/2019","RHOTRTBot","June"
"719",2019,"June","RHO","CTL","Bot",0.69,"6/5/2019","RHOCTLBot","June"
"720",2019,"June","SPL","TRT","Top",4.68,"6/11/2019","SPLTRTTop","June"
"721",2019,"June","SPL","TRT","Bot",4.89,"6/11/2019","SPLTRTBot","June"
"722",2019,"June","SPL","CTL","Bot",4.75,"6/11/2019","SPLCTLBot","June"
"723",2019,"June","SPL","CTL","Top",3.06,"6/11/2019","SPLCTLTop","June"
"724",2019,"June","WHI","TRT","Top",5.7,"6/6/2019","WHITRTTop","June"
"725",2019,"June","WHI","TRT","Bot",6.06,"6/6/2019","WHITRTBot","June"
"726",2019,"June","WHI","CTL","Bot",4.06,"6/6/2019","WHICTLBot","June"
"727",2019,"June","WOR","TRT","Top",4.79,"6/4/2019","WORTRTTop","June"
"728",2019,"June","WOR","TRT","Bot",4.6,"6/4/2019","WORTRTBot","June"
"729",2019,"June","WOR","CTL","Bot",1.84,"6/4/2019","WORCTLBot","June"
"730",2019,"June","GUT","TRT","Top",3.25,"6/12/2019","GUTTRTTop","June"
"731",2019,"June","GUT","TRT","Bot",3.37,"6/12/2019","GUTTRTBot","June"
"732",2019,"July","ARM","TRT","Top",4.59,"7/8/2019","ARMTRTTop","July"
"733",2019,"July","ARM","TRT","Bot",5.1,"7/8/2019","ARMTRTBot","July"
"734",2019,"July","ARM","CTL","Bot",2.35,"7/8/2019","ARMCTLBot","July"
"735",2019,"July","MCN","CTL","Bot",0.92,"7/1/2019","MCNCTLBot","July"
"736",2019,"July","MCN","TRT","Bot",1.85,"7/1/2019","MCNTRTBot","July"
"737",2019,"July","RHO","TRT","Top",2.87,"7/1/2019","RHOTRTTop","July"
"738",2019,"July","RHO","TRT","Bot",2.29,"7/1/2019","RHOTRTBot","July"
"739",2019,"July","RHO","CTL","Bot",1.74,"7/1/2019","RHOCTLBot","July"
"740",2019,"July","SPL","TRT","Top",5.06,"7/2/2019","SPLTRTTop","July"
"741",2019,"July","SPL","TRT","Bot",5.3,"7/2/2019","SPLTRTBot","July"
"742",2019,"July","SPL","CTL","Bot",5.23,"7/2/2019","SPLCTLBot","July"
"743",2019,"July","SPL","CTL","Top",3.68,"7/2/2019","SPLCTLTop","July"
"744",2019,"July","WHI","TRT","Top",9.51,"7/10/2019","WHITRTTop","July"
"745",2019,"July","WHI","TRT","Bot",13.34,"7/10/2019","WHITRTBot","July"
"746",2019,"July","WHI","CTL","Bot",8.01,"7/10/2019","WHICTLBot","July"
"747",2019,"July","WOR","TRT","Top",5.05,"7/8/2019","WORTRTTop","July"
"748",2019,"July","WOR","TRT","Bot",4.82,"7/8/2019","WORTRTBot","July"
"749",2019,"July","WOR","CTL","Bot",2.31,"7/8/2019","WORCTLBot","July"
"750",2019,"Aug.","ARM","TRT","Top",5.48,"8/5/2019","ARMTRTTop","Aug."
"751",2019,"Aug.","ARM","TRT","Bot",5.93,"8/5/2019","ARMTRTBot","Aug."
"752",2019,"Aug.","ARM","CTL","Bot",6.65,"8/5/2019","ARMCTLBot","Aug."
"753",2019,"Aug.","MCN","CTL","Bot",2.96,"8/6/2019","MCNCTLBot","Aug."
"754",2019,"Aug.","MCN","TRT","Bot",4.54,"8/6/2019","MCNTRTBot","Aug."
"755",2019,"Aug.","RHO","TRT","Top",3.82,"8/6/2019","RHOTRTTop","Aug."
"756",2019,"Aug.","RHO","TRT","Bot",3.3,"8/6/2019","RHOTRTBot","Aug."
"757",2019,"Aug.","RHO","CTL","Bot",2.86,"8/6/2019","RHOCTLBot","Aug."
"758",2019,"Aug.","SPL","TRT","Top",5.22,"8/8/2019","SPLTRTTop","Aug."
"759",2019,"Aug.","SPL","TRT","Bot",5.54,"8/8/2019","SPLTRTBot","Aug."
"760",2019,"Aug.","SPL","CTL","Bot",5.49,"8/8/2019","SPLCTLBot","Aug."
"761",2019,"Aug.","SPL","CTL","Top",4.28,"8/8/2019","SPLCTLTop","Aug."
"762",2019,"Aug.","WHI","TRT","Top",13.89,"8/5/2019","WHITRTTop","Aug."
"763",2019,"Aug.","WHI","TRT","Bot",14.74,"8/5/2019","WHITRTBot","Aug."
"764",2019,"Aug.","WHI","CTL","Bot",10.95,"8/5/2019","WHICTLBot","Aug."
"765",2019,"Aug.","WOR","TRT","Top",6.21,"8/7/2019","WORTRTTop","Aug."
"766",2019,"Aug.","WOR","TRT","Bot",5.37,"8/7/2019","WORTRTBot","Aug."
"767",2019,"Aug.","WOR","CTL","Bot",3.75,"8/7/2019","WORCTLBot","Aug."
"768",2019,"Sept.","ARM","TRT","Top",7.18,"9/5/2019","ARMTRTTop","Sept."
"769",2019,"Sept.","ARM","TRT","Bot",7.81,"9/5/2019","ARMTRTBot","Sept."
"770",2019,"Sept.","ARM","CTL","Bot",9.01,"9/5/2019","ARMCTLBot","Sept."
"771",2019,"Sept.","MCN","CTL","Bot",2.07,"9/4/2019","MCNCTLBot","Sept."
"772",2019,"Sept.","MCN","TRT","Bot",3.28,"9/4/2019","MCNTRTBot","Sept."
"773",2019,"Sept.","RHO","TRT","Top",3.93,"9/4/2019","RHOTRTTop","Sept."
"774",2019,"Sept.","RHO","TRT","Bot",3.31,"9/4/2019","RHOTRTBot","Sept."
"775",2019,"Sept.","RHO","CTL","Bot",3.12,"9/4/2019","RHOCTLBot","Sept."
"776",2019,"Sept.","SPL","TRT","Top",5.91,"9/6/2019","SPLTRTTop","Sept."
"777",2019,"Sept.","SPL","TRT","Bot",6.33,"9/6/2019","SPLTRTBot","Sept."
"778",2019,"Sept.","SPL","CTL","Bot",6.23,"9/6/2019","SPLCTLBot","Sept."
"779",2019,"Sept.","SPL","CTL","Top",5.48,"9/6/2019","SPLCTLTop","Sept."
"780",2019,"Sept.","WHI","TRT","Top",14.1,"9/12/2019","WHITRTTop","Sept."
"781",2019,"Sept.","WHI","TRT","Bot",14.78,"9/12/2019","WHITRTBot","Sept."
"782",2019,"Sept.","WHI","CTL","Bot",9.3,"9/12/2019","WHICTLBot","Sept."
"783",2019,"Sept.","WOR","TRT","Top",6.84,"9/4/2019","WORTRTTop","Sept."
"784",2019,"Sept.","WOR","TRT","Bot",6.1,"9/4/2019","WORTRTBot","Sept."
"785",2019,"Sept.","WOR","CTL","Bot",4.56,"9/4/2019","WORCTLBot","Sept."
"786",2019,"Sept.","GUT","TRT","Top",4.74,"9/26/2019","GUTTRTTop","Sept."
"787",2019,"Sept.","GUT","TRT","Bot",4.68,"9/26/2019","GUTTRTBot","Sept."
"788",2019,"Oct.","ARM","TRT","Top",3.53,"10/8/2019","ARMTRTTop","Oct."
"789",2019,"Oct.","ARM","TRT","Bot",4.51,"10/8/2019","ARMTRTBot","Oct."
"790",2019,"Oct.","ARM","CTL","Bot",1.47,"10/8/2019","ARMCTLBot","Oct."
"791",2019,"Oct.","MCN","CTL","Bot",0,"10/9/2019","MCNCTLBot","Oct."
"792",2019,"Oct.","MCN","TRT","Bot",0.85,"10/9/2019","MCNTRTBot","Oct."
"793",2019,"Oct.","RHO","TRT","Top",2.87,"10/9/2019","RHOTRTTop","Oct."
"794",2019,"Oct.","RHO","TRT","Bot",2.08,"10/9/2019","RHOTRTBot","Oct."
"795",2019,"Oct.","RHO","CTL","Bot",1.33,"10/9/2019","RHOCTLBot","Oct."
"796",2019,"Oct.","SPL","TRT","Top",4.28,"10/28/2019","SPLTRTTop","Oct."
"797",2019,"Oct.","SPL","TRT","Bot",4.73,"10/28/2019","SPLTRTBot","Oct."
"798",2019,"Oct.","SPL","CTL","Bot",4.1,"10/28/2019","SPLCTLBot","Oct."
"799",2019,"Oct.","SPL","CTL","Top",3.41,"10/28/2019","SPLCTLTop","Oct."
"800",2019,"Oct.","WHI","TRT","Top",5.8,"10/8/2019","WHITRTTop","Oct."
"801",2019,"Oct.","WHI","TRT","Bot",5.84,"10/8/2019","WHITRTBot","Oct."
"802",2019,"Oct.","WHI","CTL","Bot",4.6,"10/8/2019","WHICTLBot","Oct."
"803",2019,"Oct.","WOR","TRT","Top",5.25,"10/8/2019","WORTRTTop","Oct."
"804",2019,"Oct.","WOR","TRT","Bot",4.8,"10/8/2019","WORTRTBot","Oct."
"805",2019,"Oct.","WOR","CTL","Bot",1.97,"10/8/2019","WORCTLBot","Oct."
"806",2019,"Nov.","ARM","TRT","Top",4.7,"11/7/2019","ARMTRTTop","Nov."
"807",2019,"Nov.","ARM","TRT","Bot",5.38,"11/7/2019","ARMTRTBot","Nov."
"808",2019,"Nov.","ARM","CTL","Bot",2.51,"11/7/2019","ARMCTLBot","Nov."
"809",2019,"Nov.","MCN","CTL","Bot",0,"11/6/2019","MCNCTLBot","Nov."
"810",2019,"Nov.","MCN","TRT","Bot",0.92,"11/6/2019","MCNTRTBot","Nov."
"811",2019,"Nov.","RHO","TRT","Top",2.84,"11/6/2019","RHOTRTTop","Nov."
"812",2019,"Nov.","RHO","TRT","Bot",1.99,"11/6/2019","RHOTRTBot","Nov."
"813",2019,"Nov.","RHO","CTL","Bot",1.02,"11/6/2019","RHOCTLBot","Nov."
"814",2019,"Nov.","SPL","TRT","Top",4.98,"11/15/2019","SPLTRTTop","Nov."
"815",2019,"Nov.","SPL","TRT","Bot",4.95,"11/15/2019","SPLTRTBot","Nov."
"816",2019,"Nov.","SPL","CTL","Bot",4.88,"11/15/2019","SPLCTLBot","Nov."
"817",2019,"Nov.","SPL","CTL","Top",4.08,"11/15/2019","SPLCTLTop","Nov."
"818",2019,"Nov.","WHI","TRT","Top",10.4,"11/7/2019","WHITRTTop","Nov."
"819",2019,"Nov.","WHI","TRT","Bot",14.76,"11/7/2019","WHITRTBot","Nov."
"820",2019,"Nov.","WHI","CTL","Bot",9.31,"11/7/2019","WHICTLBot","Nov."
"821",2019,"Nov.","WOR","TRT","Top",5.38,"11/7/2019","WORTRTTop","Nov."
"822",2019,"Nov.","WOR","TRT","Bot",5.1,"11/7/2019","WORTRTBot","Nov."
"823",2019,"Nov.","WOR","CTL","Bot",2.4,"11/7/2019","WORCTLBot","Nov."
"824",2019,"Dec.","ARM","TRT","Top",5.2,"12/6/2019","ARMTRTTop","Dec."
"825",2019,"Dec.","ARM","TRT","Bot",NA,"12/6/2019","ARMTRTBot","Dec."
"826",2019,"Dec.","ARM","CTL","Bot",2.82,"12/6/2019","ARMCTLBot","Dec."
"827",2019,"Dec.","MCN","CTL","Bot",0,"12/4/2019","MCNCTLBot","Dec."
"828",2019,"Dec.","MCN","TRT","Bot",0.58,"12/4/2019","MCNTRTBot","Dec."
"829",2019,"Dec.","RHO","TRT","Top",2.64,"12/3/2019","RHOTRTTop","Dec."
"830",2019,"Dec.","RHO","TRT","Bot",1.94,"12/3/2019","RHOTRTBot","Dec."
"831",2019,"Dec.","RHO","CTL","Bot",0.68,"12/3/2019","RHOCTLBot","Dec."
"832",2019,"Dec.","SPL","TRT","Top",4.78,"12/13/2019","SPLTRTTop","Dec."
"833",2019,"Dec.","SPL","TRT","Bot",5.09,"12/13/2019","SPLTRTBot","Dec."
"834",2019,"Dec.","SPL","CTL","Bot",4.96,"12/13/2019","SPLCTLBot","Dec."
"835",2019,"Dec.","SPL","CTL","Top",4,"12/13/2019","SPLCTLTop","Dec."
"836",2019,"Dec.","WHI","TRT","Top",8.64,"12/5/2019","WHITRTTop","Dec."
"837",2019,"Dec.","WHI","TRT","Bot",14.77,"12/5/2019","WHITRTBot","Dec."
"838",2019,"Dec.","WHI","CTL","Bot",7.4,"12/5/2019","WHICTLBot","Dec."
"839",2019,"Dec.","WOR","TRT","Top",5.2,"12/3/2019","WORTRTTop","Dec."
"840",2019,"Dec.","WOR","TRT","Bot",4.94,"12/3/2019","WORTRTBot","Dec."
"841",2019,"Dec.","WOR","CTL","Bot",2.06,"12/3/2019","WORCTLBot","Dec."
"842",2019,"Dec.","GUT","TRT","Top",3.72,"12/5/2019","GUTTRTTop","Dec."
"843",2019,"Dec.","GUT","TRT","Bot",3.59,"12/5/2019","GUTTRTBot","Dec."
