"","year","month","site","trt","pos","uncorrected.depth..ft.","date.measured","wellid","abovegroundin","adjdepthft","negadjdepthft","order"
"1",2016,"Aug.","WOR","TRT","Top",6.91,"8/11/2016","WORTRTTop",0,6.91,-6.91,"Aug."
"2",2016,"Aug.","EIA","TRT","Bot",3.57,"8/8/2016","EIATRTBot",0.5,3.53,-3.53,"Aug."
"3",2016,"Aug.","EIA","TRT","Top",4.4,"8/8/2016","EIATRTTop",1,4.32,-4.32,"Aug."
"4",2016,"Aug.","EIA","CTL","Bot",4.11,"8/8/2016","EIACTLBot",1.5,3.99,-3.99,"Aug."
"5",2016,"Aug.","RHO","TRT","Top",3.32,"8/8/2016","RHOTRTTop",5,2.9,-2.9,"Aug."
"6",2016,"Aug.","RHO","TRT","Bot",2.74,"8/8/2016","RHOTRTBot",0,2.74,-2.74,"Aug."
"7",2016,"Aug.","RHO","CTL","Bot",2.23,"8/8/2016","RHOCTLBot",2,2.06,-2.06,"Aug."
"8",2016,"Aug.","WOR","TRT","Bot",6.45,"8/10/2016","WORTRTBot",2,6.28,-6.28,"Aug."
"9",2016,"Aug.","WOR","CTL","Bot",4.55,"8/10/2016","WORCTLBot",1.5,4.42,-4.42,"Aug."
"10",2016,"Aug.","ARM","TRT","Top",4.85,"8/10/2016","ARMTRTTop",2.5,4.64,-4.64,"Aug."
"11",2016,"Aug.","ARM","TRT","Bot",5.1,"8/10/2016","ARMTRTBot",4,4.77,-4.77,"Aug."
"12",2016,"Aug.","ARM","CTL","Bot",6.55,"8/10/2016","ARMCTLBot",0,6.55,-6.55,"Aug."
"13",2016,"July","ARM","TRT","Top",4.22,"7/21/2016","ARMTRTTop",2.5,4.01,-4.01,"July"
"14",2016,"July","ARM","TRT","Bot",4.45,"7/21/2016","ARMTRTBot",4,4.12,-4.12,"July"
"15",2016,"July","ARM","CTL","Bot",0.66,"7/21/2016","ARMCTLBot",0,0.66,-0.66,"July"
"16",2016,"July","RHO","TRT","Top",2.37,"7/20/2016","RHOTRTTop",5,1.95,-1.95,"July"
"17",2016,"July","RHO","TRT","Bot",1.41,"7/20/2016","RHOTRTBot",0,1.41,-1.41,"July"
"18",2016,"July","RHO","CTL","Bot",0.58,"7/20/2016","RHOCTLBot",2,0.41,-0.41,"July"
"19",2016,"July","WOR","TRT","Bot",5.98,"7/20/2016","WORTRTBot",2,5.81,-5.81,"July"
"20",2016,"July","WOR","TRT","Top",6.65,"7/20/2016","WORTRTTop",0,6.65,-6.65,"July"
"21",2016,"July","WOR","CTL","Bot",3.62,"7/20/2016","WORCTLBot",1.5,3.5,-3.5,"July"
"22",2016,"July","EIA","TRT","Bot",3.72,"7/18/2016","EIATRTBot",0.5,3.68,-3.68,"July"
"23",2016,"July","EIA","TRT","Top",2.8,"7/18/2016","EIATRTTop",1,2.72,-2.72,"July"
"24",2016,"July","EIA","CTL","Bot",3.94,"7/18/2016","EIACTLBot",1.5,3.82,-3.82,"July"
"25",2016,"June","GUT","TRT","Top",3.92,"6/20/2016","GUTTRTTop",0,3.92,-3.92,"June"
"26",2016,"June","GUT","TRT","Bot",4.62,"6/20/2016","GUTTRTBot",2,4.45,-4.45,"June"
"27",2016,"June","EIA","TRT","Bot",3.9,"6/20/2016","EIATRTBot",0.5,3.86,-3.86,"June"
"28",2016,"June","EIA","TRT","Top",2.74,"6/20/2016","EIATRTTop",1,2.66,-2.66,"June"
"29",2016,"June","EIA","CTL","Bot",3.92,"6/20/2016","EIACTLBot",1.5,3.8,-3.8,"June"
"30",2016,"June","RHO","TRT","Top",2.83,"6/20/2016","RHOTRTTop",5,2.41,-2.41,"June"
"31",2016,"June","RHO","TRT","Bot",2.82,"6/20/2016","RHOTRTBot",0,2.82,-2.82,"June"
"32",2016,"June","RHO","CTL","Bot",1.74,"6/20/2016","RHOCTLBot",2,1.57,-1.57,"June"
"33",2016,"June","ARM","TRT","Top",3.95,"6/14/2016","ARMTRTTop",2.5,3.74,-3.74,"June"
"34",2016,"June","ARM","TRT","Bot",4.23,"6/14/2016","ARMTRTBot",4,3.9,-3.9,"June"
"35",2016,"June","ARM","CTL","Bot",1.82,"6/14/2016","ARMCTLBot",0,1.82,-1.82,"June"
"36",2016,"June","WOR","TRT","Bot",5.41,"6/14/2016","WORTRTBot",2,5.24,-5.24,"June"
"37",2016,"June","WOR","TRT","Top",6.02,"6/14/2016","WORTRTTop",0,6.02,-6.02,"June"
"38",2016,"June","WOR","CTL","Bot",2.96,"6/14/2016","WORCTLBot",1.5,2.84,-2.84,"June"
"39",2016,"May","EIA","TRT","Bot",3.85,"5/16/2016","EIATRTBot",0.5,3.81,-3.81,"May"
"40",2016,"May","EIA","TRT","Top",1.24,"5/16/2016","EIATRTTop",1,1.16,-1.16,"May"
"41",2016,"May","EIA","CTL","Bot",3.76,"5/16/2016","EIACTLBot",1.5,3.63,-3.63,"May"
"42",2016,"May","RHO","TRT","Top",2.49,"5/16/2016","RHOTRTTop",5,2.07,-2.07,"May"
"43",2016,"May","RHO","TRT","Bot",2.39,"5/16/2016","RHOTRTBot",0,2.39,-2.39,"May"
"44",2016,"May","RHO","CTL","Bot",0.8,"5/16/2016","RHOCTLBot",2,0.63,-0.63,"May"
"45",2016,"May","WOR","TRT","Bot",5.5,"5/12/2016","WORTRTBot",2,5.33,-5.33,"May"
"46",2016,"May","WOR","TRT","Top",5.8,"5/12/2016","WORTRTTop",0,5.8,-5.8,"May"
"47",2016,"May","WOR","CTL","Bot",2.61,"5/12/2016","WORCTLBot",1.5,2.48,-2.48,"May"
"48",2016,"May","ARM","TRT","Top",2.47,"5/11/2016","ARMTRTTop",2.5,2.26,-2.26,"May"
"49",2016,"May","ARM","TRT","Bot",2.45,"5/11/2016","ARMTRTBot",4,2.12,-2.12,"May"
"50",2016,"May","ARM","CTL","Bot",0.51,"5/11/2016","ARMCTLBot",0,0.51,-0.51,"May"
"51",2016,"Apr.","WOR","TRT","Bot",5.47,"4/21/2016","WORTRTBot",2,5.3,-5.3,"Apr."
"52",2016,"Apr.","WOR","TRT","Top",6.45,"4/21/2016","WORTRTTop",0,6.45,-6.45,"Apr."
"53",2016,"Apr.","WOR","CTL","Bot",4.6,"4/21/2016","WORCTLBot",1.5,4.47,-4.47,"Apr."
"54",2016,"Apr.","EIA","TRT","Bot",NA,"4/20/2016","EIATRTBot",0.5,NA,NA,"Apr."
"55",2016,"Apr.","EIA","TRT","Top",2.71,"4/20/2016","EIATRTTop",1,2.63,-2.63,"Apr."
"56",2016,"Apr.","EIA","CTL","Bot",7.23,"4/20/2016","EIACTLBot",1.5,7.11,-7.11,"Apr."
"57",2016,"Apr.","RHO","TRT","Top",2.35,"4/20/2016","RHOTRTTop",5,1.93,-1.93,"Apr."
"58",2016,"Apr.","RHO","TRT","Bot",2.22,"4/20/2016","RHOTRTBot",0,2.22,-2.22,"Apr."
"59",2016,"Apr.","RHO","CTL","Bot",0.94,"4/20/2016","RHOCTLBot",2,0.77,-0.77,"Apr."
"60",2016,"Apr.","ARM","CTL","Bot",3.49,"4/19/2016","ARMCTLBot",0,3.49,-3.49,"Apr."
"61",2016,"Apr.","ARM","TRT","Top",5.05,"4/19/2016","ARMTRTTop",2.5,4.84,-4.84,"Apr."
"62",2016,"Apr.","ARM","TRT","Bot",4.96,"4/19/2016","ARMTRTBot",4,4.63,-4.63,"Apr."
"63",2016,"Sept.","WOR","TRT","Top",6.63,"9/7/2016","WORTRTTop",0,6.63,-6.63,"Sept."
"64",2016,"Sept.","WOR","TRT","Bot",5.89,"9/7/2016","WORTRTBot",2,5.72,-5.72,"Sept."
"65",2016,"Sept.","WOR","CTL","Bot",3.68,"9/7/2016","WORCTLBot",1.5,3.56,-3.56,"Sept."
"66",2016,"Sept.","ARM","TRT","Top",6.27,"9/13/2016","ARMTRTTop",2.5,6.06,-6.06,"Sept."
"67",2016,"Sept.","ARM","TRT","Bot",6.47,"9/13/2016","ARMTRTBot",4,6.14,-6.14,"Sept."
"68",2016,"Sept.","ARM","CTL","Bot",9.66,"9/13/2016","ARMCTLBot",0,9.66,-9.66,"Sept."
"69",2016,"Sept.","EIA","TRT","Bot",3.33,"9/8/2016","EIATRTBot",0.5,3.29,-3.29,"Sept."
"70",2016,"Sept.","EIA","TRT","Top",1.68,"9/8/2016","EIATRTTop",1,1.6,-1.6,"Sept."
"71",2016,"Sept.","EIA","CTL","Bot",1.81,"9/8/2016","EIACTLBot",1.5,1.68,-1.68,"Sept."
"72",2016,"Sept.","RHO","TRT","Top",2.78,"9/12/2016","RHOTRTTop",5,2.36,-2.36,"Sept."
"73",2016,"Sept.","RHO","TRT","Bot",2.12,"9/12/2016","RHOTRTBot",0,2.12,-2.12,"Sept."
"74",2016,"Sept.","RHO","CTL","Bot",1.35,"9/12/2016","RHOCTLBot",2,1.18,-1.18,"Sept."
"75",2016,"Sept.","GUT","TRT","Top",3.63,"9/12/2016","GUTTRTTop",0,3.63,-3.63,"Sept."
"76",2016,"Sept.","GUT","TRT","Bot",3.74,"9/12/2016","GUTTRTBot",2,3.57,-3.57,"Sept."
"77",2016,"Oct.","WOR","TRT","Top",5.9,"10/13/2016","WORTRTTop",0,5.9,-5.9,"Oct."
"78",2016,"Oct.","WOR","TRT","Bot",5.37,"10/13/2016","WORTRTBot",2,5.2,-5.2,"Oct."
"79",2016,"Oct.","WOR","CTL","Bot",2.29,"10/13/2016","WORCTLBot",1.5,2.17,-2.17,"Oct."
"80",2016,"Oct.","ARM","TRT","Top",3.92,"10/13/2016","ARMTRTTop",2.5,3.71,-3.71,"Oct."
"81",2016,"Oct.","ARM","TRT","Bot",4.4,"10/13/2016","ARMTRTBot",4,4.07,-4.07,"Oct."
"82",2016,"Oct.","ARM","CTL","Bot",2.48,"10/13/2016","ARMCTLBot",0,2.48,-2.48,"Oct."
"83",2016,"Oct.","EIA","TRT","Bot",3.49,"10/18/2016","EIATRTBot",0.5,3.45,-3.45,"Oct."
"84",2016,"Oct.","EIA","TRT","Top",2.39,"10/18/2016","EIATRTTop",1,2.31,-2.31,"Oct."
"85",2016,"Oct.","EIA","CTL","Bot",3.74,"10/18/2016","EIACTLBot",1.5,3.62,-3.62,"Oct."
"86",2016,"Oct.","RHO","TRT","Top",2.52,"10/14/2016","RHOTRTTop",5,2.1,-2.1,"Oct."
"87",2016,"Oct.","RHO","TRT","Bot",1.85,"10/14/2016","RHOTRTBot",0,1.85,-1.85,"Oct."
"88",2016,"Oct.","RHO","CTL","Bot",1.08,"10/14/2016","RHOCTLBot",2,0.91,-0.91,"Oct."
"89",2016,"Nov.","WOR","TRT","Top",6.3,"11/8/2016","WORTRTTop",0,6.3,-6.3,"Nov."
"90",2016,"Nov.","WOR","TRT","Bot",5.66,"11/8/2016","WORTRTBot",2,5.49,-5.49,"Nov."
"91",2016,"Nov.","WOR","CTL","Bot",2.94,"11/8/2016","WORCTLBot",1.5,2.82,-2.82,"Nov."
"92",2016,"Nov.","ARM","TRT","Top",4.54,"11/9/2016","ARMTRTTop",2.5,4.33,-4.33,"Nov."
"93",2016,"Nov.","ARM","TRT","Bot",4.91,"11/9/2016","ARMTRTBot",4,4.58,-4.58,"Nov."
"94",2016,"Nov.","ARM","CTL","Bot",3.94,"11/9/2016","ARMCTLBot",0,3.94,-3.94,"Nov."
"95",2016,"Nov.","EIA","TRT","Bot",3.5,"11/7/2016","EIATRTBot",0.5,3.46,-3.46,"Nov."
"96",2016,"Nov.","EIA","TRT","Top",2.41,"11/7/2016","EIATRTTop",1,2.33,-2.33,"Nov."
"97",2016,"Nov.","EIA","CTL","Bot",3.75,"11/7/2016","EIACTLBot",1.5,3.62,-3.62,"Nov."
"98",2016,"Nov.","RHO","TRT","Top",2.58,"11/8/2016","RHOTRTTop",5,2.16,-2.16,"Nov."
"99",2016,"Nov.","RHO","TRT","Bot",1.91,"11/8/2016","RHOTRTBot",0,1.91,-1.91,"Nov."
"100",2016,"Nov.","RHO","CTL","Bot",1.27,"11/8/2016","RHOCTLBot",2,1.1,-1.1,"Nov."
"101",2016,"Dec.","WOR","TRT","Top",6.2,"12/12/2016","WORTRTTop",0,6.2,-6.2,"Dec."
"102",2016,"Dec.","WOR","TRT","Bot",5.54,"12/12/2016","WORTRTBot",2,5.37,-5.37,"Dec."
"103",2016,"Dec.","WOR","CTL","Bot",2.89,"12/12/2016","WORCTLBot",1.5,2.77,-2.77,"Dec."
"104",2016,"Dec.","ARM","TRT","Top",4.95,"12/12/2016","ARMTRTTop",2.5,4.74,-4.74,"Dec."
"105",2016,"Dec.","ARM","TRT","Bot",5.21,"12/12/2016","ARMTRTBot",4,4.88,-4.88,"Dec."
"106",2016,"Dec.","ARM","CTL","Bot",7.92,"12/12/2016","ARMCTLBot",0,7.92,-7.92,"Dec."
"107",2016,"Dec.","EIA","TRT","Bot",3.83,"12/21/2016","EIATRTBot",0.5,3.79,-3.79,"Dec."
"108",2016,"Dec.","EIA","TRT","Top",NA,"12/21/2016","EIATRTTop",1,NA,NA,"Dec."
"109",2016,"Dec.","EIA","CTL","Bot",3.86,"12/13/2016","EIACTLBot",1.5,3.73,-3.73,"Dec."
"110",2016,"Dec.","RHO","TRT","Top",2.68,"12/20/2016","RHOTRTTop",5,2.26,-2.26,"Dec."
"111",2016,"Dec.","RHO","TRT","Bot",2.14,"12/20/2016","RHOTRTBot",0,2.14,-2.14,"Dec."
"112",2016,"Dec.","RHO","CTL","Bot",2.53,"12/20/2016","RHOCTLBot",2,2.36,-2.36,"Dec."
"113",2016,"Dec.","WHI","TRT","Bot",15,"12/20/2016","WHITRTBot",1.5,14.88,-14.88,"Dec."
"114",2016,"Dec.","WHI","TRT","Top",15,"12/20/2016","WHITRTTop",1.5,14.88,-14.88,"Dec."
"115",2016,"Dec.","WHI","CTL","Bot",11.63,"12/20/2016","WHICTLBot",2,11.46,-11.46,"Dec."
"116",2016,"Dec.","GUT","TRT","Top",4.1,"12/20/2016","GUTTRTTop",0,4.1,-4.1,"Dec."
"117",2016,"Dec.","GUT","TRT","Bot",4.32,"12/20/2016","GUTTRTBot",2,4.15,-4.15,"Dec."
"118",2016,"Dec.","SPL","TRT","Top",7.69,"12/28/2016","SPLTRTTop",1,7.61,-7.61,"Dec."
"119",2016,"Dec.","SPL","TRT","Bot",NA,"12/28/2016","SPLTRTBot",1.5,NA,NA,"Dec."
"120",2016,"Dec.","SPL","CTL","Bot",4.33,"12/28/2016","SPLCTLBot",0,4.33,-4.33,"Dec."
"121",2016,"Dec.","SPL","CTL","Top",3.39,"12/28/2016","SPLCTLTop",13.8,2.24,-2.24,"Dec."
"122",2016,"Dec.","MCN","CTL","Bot",0.78,"","MCNCTLBot",1,0.7,-0.7,"Dec."
"123",2016,"Dec.","MCN","TRT","Bot",4.99,"","MCNTRTBot",1.5,4.87,-4.87,"Dec."
"124",2017,"Feb.","SPL","TRT","Top",5.19,"2/7/2017","SPLTRTTop",1,5.11,-5.11,"Feb."
"125",2017,"Feb.","SPL","TRT","Bot",NA,"2/7/2017","SPLTRTBot",1.5,NA,NA,"Feb."
"126",2017,"Feb.","SPL","CTL","Bot",4.72,"2/7/2017","SPLCTLBot",0,4.72,-4.72,"Feb."
"127",2017,"Feb.","SPL","CTL","Top",4.35,"2/7/2017","SPLCTLTop",13.8,3.2,-3.2,"Feb."
"128",2017,"Feb.","EIA","TRT","Bot",4.08,"2/13/2017","EIATRTBot",0.5,4.04,-4.04,"Feb."
"129",2017,"Feb.","EIA","TRT","Top",2.44,"2/13/2017","EIATRTTop",1,2.36,-2.36,"Feb."
"130",2017,"Feb.","EIA","CTL","Bot",3.97,"2/13/2017","EIACTLBot",1.5,3.85,-3.85,"Feb."
"131",2017,"Feb.","RHO","TRT","Top",2.66,"2/13/2017","RHOTRTTop",5,2.24,-2.24,"Feb."
"132",2017,"Feb.","RHO","TRT","Bot",NA,"2/13/2017","RHOTRTBot",0,NA,NA,"Feb."
"133",2017,"Feb.","RHO","CTL","Bot",1.5,"2/13/2017","RHOCTLBot",2,1.33,-1.33,"Feb."
"134",2017,"Feb.","MCN","CTL","Bot",0.53,"2/14/2017","MCNCTLBot",1,0.45,-0.45,"Feb."
"135",2017,"Feb.","MCN","TRT","Bot",1.24,"2/14/2017","MCNTRTBot",1.5,1.12,-1.12,"Feb."
"136",2017,"Feb.","WOR","TRT","Top",3.4,"2/14/2017","WORTRTTop",0,3.4,-3.4,"Feb."
"137",2017,"Feb.","WOR","TRT","Bot",5.62,"2/14/2017","WORTRTBot",2,5.45,-5.45,"Feb."
"138",2017,"Feb.","WOR","CTL","Bot",3.41,"2/14/2017","WORCTLBot",1.5,3.29,-3.29,"Feb."
"139",2017,"Feb.","ARM","TRT","Top",5.49,"2/15/2017","ARMTRTTop",2.5,5.28,-5.28,"Feb."
"140",2017,"Feb.","ARM","TRT","Bot",5.6,"2/15/2017","ARMTRTBot",4,5.27,-5.27,"Feb."
"141",2017,"Feb.","ARM","CTL","Bot",7.25,"2/15/2017","ARMCTLBot",0,7.25,-7.25,"Feb."
"142",2017,"Feb.","WHI","TRT","Top",14.72,"2/21/2017","WHITRTTop",1.5,14.6,-14.6,"Feb."
"143",2017,"Feb.","WHI","TRT","Bot",14.73,"2/21/2017","WHITRTBot",1.5,14.61,-14.61,"Feb."
"144",2017,"Feb.","WHI","CTL","Bot",9.16,"2/21/2017","WHICTLBot",2,8.99,-8.99,"Feb."
"145",2017,"Mar.","SPL","TRT","Top",NA,"3/16/2017","SPLTRTTop",1,NA,NA,"Mar."
"146",2017,"Mar.","SPL","TRT","Bot",NA,"3/16/2017","SPLTRTBot",1.5,NA,NA,"Mar."
"147",2017,"Mar.","SPL","CTL","Bot",5.5,"3/16/2017","SPLCTLBot",0,5.5,-5.5,"Mar."
"148",2017,"Mar.","SPL","CTL","Top",3.94,"3/16/2017","SPLCTLTop",13.8,2.79,-2.79,"Mar."
"149",2017,"Mar.","EIA","TRT","Bot",3.88,"3/8/2017","EIATRTBot",0.5,3.84,-3.84,"Mar."
"150",2017,"Mar.","EIA","TRT","Top",2.76,"3/8/2017","EIATRTTop",1,2.68,-2.68,"Mar."
"151",2017,"Mar.","EIA","CTL","Bot",3.86,"3/8/2017","EIACTLBot",1.5,3.73,-3.73,"Mar."
"152",2017,"Mar.","RHO","TRT","Top",2.58,"3/8/2017","RHOTRTTop",5,2.16,-2.16,"Mar."
"153",2017,"Mar.","RHO","TRT","Bot",1.82,"3/8/2017","RHOTRTBot",0,1.82,-1.82,"Mar."
"154",2017,"Mar.","RHO","CTL","Bot",1.12,"3/8/2017","RHOCTLBot",2,0.95,-0.95,"Mar."
"155",2017,"Mar.","MCN","CTL","Bot",1.31,"3/13/2017","MCNCTLBot",1,1.23,-1.23,"Mar."
"156",2017,"Mar.","MCN","TRT","Bot",1.39,"3/13/2017","MCNTRTBot",1.5,1.26,-1.26,"Mar."
"157",2017,"Mar.","WOR","TRT","Top",6.12,"3/15/2017","WORTRTTop",0,6.12,-6.12,"Mar."
"158",2017,"Mar.","WOR","TRT","Bot",5.47,"3/15/2017","WORTRTBot",2,5.3,-5.3,"Mar."
"159",2017,"Mar.","WOR","CTL","Bot",2.83,"3/15/2017","WORCTLBot",1.5,2.7,-2.7,"Mar."
"160",2017,"Mar.","ARM","TRT","Top",4.95,"3/15/2017","ARMTRTTop",2.5,4.74,-4.74,"Mar."
"161",2017,"Mar.","ARM","TRT","Bot",5.14,"3/15/2017","ARMTRTBot",4,4.81,-4.81,"Mar."
"162",2017,"Mar.","ARM","CTL","Bot",8.86,"3/15/2017","ARMCTLBot",0,8.86,-8.86,"Mar."
"163",2017,"Mar.","WHI","TRT","Top",12.08,"3/22/2017","WHITRTTop",1.5,11.96,-11.96,"Mar."
"164",2017,"Mar.","WHI","TRT","Bot",14.74,"3/22/2017","WHITRTBot",1.5,14.62,-14.62,"Mar."
"165",2017,"Mar.","WHI","CTL","Bot",7.49,"3/22/2017","WHICTLBot",2,7.32,-7.32,"Mar."
"166",2017,"Mar.","GUT","TRT","Top",3.91,"3/17/2017","GUTTRTTop",0,3.91,-3.91,"Mar."
"167",2017,"Mar.","GUT","TRT","Bot",4.2,"3/17/2017","GUTTRTBot",2,4.03,-4.03,"Mar."
"168",2017,"Apr.","SPL","TRT","Top",4.53,"4/27/2017","SPLTRTTop",1,4.45,-4.45,"Apr."
"169",2017,"Apr.","SPL","TRT","Bot",4.88,"4/27/2017","SPLTRTBot",1.5,4.75,-4.75,"Apr."
"170",2017,"Apr.","SPL","CTL","Bot",5.17,"4/27/2017","SPLCTLBot",0,5.17,-5.17,"Apr."
"171",2017,"Apr.","SPL","CTL","Top",3.11,"4/27/2017","SPLCTLTop",13.8,1.96,-1.96,"Apr."
"172",2017,"Apr.","EIA","TRT","Bot",4.05,"4/25/2017","EIATRTBot",0.5,4.01,-4.01,"Apr."
"173",2017,"Apr.","EIA","TRT","Top",NA,"4/25/2017","EIATRTTop",1,NA,NA,"Apr."
"174",2017,"Apr.","EIA","CTL","Bot",3.84,"4/25/2017","EIACTLBot",1.5,3.71,-3.71,"Apr."
"175",2017,"Apr.","RHO","TRT","Top",1.87,"4/25/2017","RHOTRTTop",5,1.45,-1.45,"Apr."
"176",2017,"Apr.","RHO","TRT","Bot",0.94,"4/5/2017","RHOTRTBot",0,0.94,-0.94,"Apr."
"177",2017,"Apr.","RHO","CTL","Bot",0.12,"4/5/2017","RHOCTLBot",2,-0.05,0.05,"Apr."
"178",2017,"Apr.","MCN","CTL","Bot",0,"4/4/2017","MCNCTLBot",1,-0.08,0.08,"Apr."
"179",2017,"Apr.","MCN","TRT","Bot",0.37,"4/4/2017","MCNTRTBot",1.5,0.24,-0.24,"Apr."
"180",2017,"Apr.","WOR","TRT","Top",5.33,"4/5/2017","WORTRTTop",0,5.33,-5.33,"Apr."
"181",2017,"Apr.","WOR","TRT","Bot",5.22,"4/5/2017","WORTRTBot",2,5.05,-5.05,"Apr."
"182",2017,"Apr.","WOR","CTL","Bot",1.32,"4/5/2017","WORCTLBot",1.5,1.2,-1.2,"Apr."
"183",2017,"Apr.","ARM","TRT","Top",4,"4/18/2017","ARMTRTTop",2.5,3.79,-3.79,"Apr."
"184",2017,"Apr.","ARM","TRT","Bot",4.41,"4/18/2017","ARMTRTBot",4,4.08,-4.08,"Apr."
"185",2017,"Apr.","ARM","CTL","Bot",2.24,"4/18/2017","ARMCTLBot",0,2.24,-2.24,"Apr."
"186",2017,"Apr.","WHI","TRT","Top",9.27,"4/24/2017","WHITRTTop",1.5,9.14,-9.14,"Apr."
"187",2017,"Apr.","WHI","TRT","Bot",14.71,"4/24/2017","WHITRTBot",1.5,14.59,-14.59,"Apr."
"188",2017,"Apr.","WHI","CTL","Bot",7.4,"4/24/2017","WHICTLBot",2,7.23,-7.23,"Apr."
"189",2017,"May","SPL","TRT","Top",4.73,"5/16/2017","SPLTRTTop",1,4.65,-4.65,"May"
"190",2017,"May","SPL","TRT","Bot",4.82,"5/16/2017","SPLTRTBot",1.5,4.7,-4.7,"May"
"191",2017,"May","SPL","CTL","Bot",5.12,"5/16/2017","SPLCTLBot",0,5.12,-5.12,"May"
"192",2017,"May","SPL","CTL","Top",3.35,"5/16/2017","SPLCTLTop",13.8,2.2,-2.2,"May"
"193",2017,"May","EIA","TRT","Bot",4.02,"5/9/2017","EIATRTBot",0.5,3.98,-3.98,"May"
"194",2017,"May","EIA","TRT","Top",NA,"5/9/2017","EIATRTTop",1,NA,NA,"May"
"195",2017,"May","EIA","CTL","Bot",3.81,"5/9/2017","EIACTLBot",1.5,3.68,-3.68,"May"
"196",2017,"May","RHO","TRT","Top",2.36,"5/12/2017","RHOTRTTop",5,1.94,-1.94,"May"
"197",2017,"May","RHO","TRT","Bot",1.52,"5/12/2017","RHOTRTBot",0,1.52,-1.52,"May"
"198",2017,"May","RHO","CTL","Bot",0.45,"5/12/2017","RHOCTLBot",2,0.28,-0.28,"May"
"199",2017,"May","MCN","CTL","Bot",0,"5/11/2017","MCNCTLBot",1,-0.08,0.08,"May"
"200",2017,"May","MCN","TRT","Bot",0.3,"5/11/2017","MCNTRTBot",1.5,0.18,-0.18,"May"
"201",2017,"May","WOR","TRT","Top",5.4,"5/12/2017","WORTRTTop",0,5.4,-5.4,"May"
"202",2017,"May","WOR","TRT","Bot",5.42,"5/12/2017","WORTRTBot",2,5.25,-5.25,"May"
"203",2017,"May","WOR","CTL","Bot",1.79,"5/12/2017","WORCTLBot",1.5,1.66,-1.66,"May"
"204",2017,"May","ARM","TRT","Top",3.79,"5/10/2017","ARMTRTTop",2.5,3.58,-3.58,"May"
"205",2017,"May","ARM","TRT","Bot",4.02,"5/10/2017","ARMTRTBot",4,3.69,-3.69,"May"
"206",2017,"May","ARM","CTL","Bot",1.03,"5/10/2017","ARMCTLBot",0,1.03,-1.03,"May"
"207",2017,"May","WHI","TRT","Top",6.47,"5/15/2017","WHITRTTop",1.5,6.34,-6.34,"May"
"208",2017,"May","WHI","TRT","Bot",7.05,"5/15/2017","WHITRTBot",1.5,6.92,-6.92,"May"
"209",2017,"May","WHI","CTL","Bot",4.92,"5/15/2017","WHICTLBot",2,4.75,-4.75,"May"
"210",2017,"June","SPL","TRT","Top",4.62,"6/5/2017","SPLTRTTop",1,4.54,-4.54,"June"
"211",2017,"June","SPL","TRT","Bot",4.78,"6/5/2017","SPLTRTBot",1.5,4.66,-4.66,"June"
"212",2017,"June","SPL","CTL","Bot",5.02,"6/5/2017","SPLCTLBot",0,5.02,-5.02,"June"
"213",2017,"June","SPL","CTL","Top",3.16,"6/5/2017","SPLCTLTop",13.8,2.01,-2.01,"June"
"214",2017,"June","EIA","TRT","Bot",4.33,"6/6/2017","EIATRTBot",0.5,4.29,-4.29,"June"
"215",2017,"June","EIA","TRT","Top",NA,"6/6/2017","EIATRTTop",1,NA,NA,"June"
"216",2017,"June","EIA","CTL","Bot",3.91,"6/6/2017","EIACTLBot",1.5,3.79,-3.79,"June"
"217",2017,"June","RHO","TRT","Top",2.63,"6/6/2017","RHOTRTTop",5,2.21,-2.21,"June"
"218",2017,"June","RHO","TRT","Bot",2.15,"6/6/2017","RHOTRTBot",0,2.15,-2.15,"June"
"219",2017,"June","RHO","CTL","Bot",1.23,"6/6/2017","RHOCTLBot",2,1.06,-1.06,"June"
"220",2017,"June","MCN","CTL","Bot",1.37,"6/8/2017","MCNCTLBot",1,1.29,-1.29,"June"
"221",2017,"June","MCN","TRT","Bot",2.56,"6/8/2017","MCNTRTBot",1.5,2.44,-2.44,"June"
"222",2017,"June","WOR","TRT","Top",5.72,"6/8/2017","WORTRTTop",0,5.72,-5.72,"June"
"223",2017,"June","WOR","TRT","Bot",5.51,"6/8/2017","WORTRTBot",2,5.34,-5.34,"June"
"224",2017,"June","WOR","CTL","Bot",2.61,"6/8/2017","WORCTLBot",1.5,2.48,-2.48,"June"
"225",2017,"June","ARM","TRT","Top",3.96,"6/7/2017","ARMTRTTop",2.5,3.75,-3.75,"June"
"226",2017,"June","ARM","TRT","Bot",2.38,"6/7/2017","ARMTRTBot",4,2.05,-2.05,"June"
"227",2017,"June","ARM","CTL","Bot",2.3,"6/7/2017","ARMCTLBot",0,2.3,-2.3,"June"
"228",2017,"June","WHI","TRT","Top",9.13,"6/7/2017","WHITRTTop",1.5,9.01,-9.01,"June"
"229",2017,"June","WHI","TRT","Bot",13.5,"6/7/2017","WHITRTBot",1.5,13.38,-13.38,"June"
"230",2017,"June","WHI","CTL","Bot",7.43,"6/7/2017","WHICTLBot",2,7.26,-7.26,"June"
"231",2017,"June","GUT","TRT","Top",3.66,"6/13/2017","GUTTRTTop",0,3.66,-3.66,"June"
"232",2017,"June","GUT","TRT","Bot",3.78,"6/13/2017","GUTTRTBot",2,3.61,-3.61,"June"
"233",2017,"July","SPL","TRT","Top",4.89,"7/11/2017","SPLTRTTop",1,4.81,-4.81,"July"
"234",2017,"July","SPL","TRT","Bot",5.18,"7/11/2017","SPLTRTBot",1.5,5.05,-5.05,"July"
"235",2017,"July","SPL","CTL","Bot",5.21,"7/11/2017","SPLCTLBot",0,5.21,-5.21,"July"
"236",2017,"July","SPL","CTL","Top",3.64,"7/11/2017","SPLCTLTop",13.8,2.49,-2.49,"July"
"237",2017,"July","EIA","TRT","Bot",4.51,"7/13/2017","EIATRTBot",0.5,4.47,-4.47,"July"
"238",2017,"July","EIA","TRT","Top",6.24,"7/13/2017","EIATRTTop",1,6.16,-6.16,"July"
"239",2017,"July","EIA","CTL","Bot",4.14,"7/13/2017","EIACTLBot",1.5,4.01,-4.01,"July"
"240",2017,"July","RHO","TRT","Top",2.88,"7/13/2017","RHOTRTTop",5,2.46,-2.46,"July"
"241",2017,"July","RHO","TRT","Bot",2.23,"7/13/2017","RHOTRTBot",0,2.23,-2.23,"July"
"242",2017,"July","RHO","CTL","Bot",1.93,"7/13/2017","RHOCTLBot",2,1.76,-1.76,"July"
"243",2017,"July","MCN","CTL","Bot",2.91,"7/10/2017","MCNCTLBot",1,2.83,-2.83,"July"
"244",2017,"July","MCN","TRT","Bot",4.68,"7/10/2017","MCNTRTBot",1.5,4.55,-4.55,"July"
"245",2017,"July","WOR","TRT","Top",6.38,"7/14/2017","WORTRTTop",0,6.38,-6.38,"July"
"246",2017,"July","WOR","TRT","Bot",6.01,"7/14/2017","WORTRTBot",2,5.84,-5.84,"July"
"247",2017,"July","WOR","CTL","Bot",3.89,"7/14/2017","WORCTLBot",1.5,3.77,-3.77,"July"
"248",2017,"July","ARM","TRT","Top",4.59,"7/12/2017","ARMTRTTop",2.5,4.38,-4.38,"July"
"249",2017,"July","ARM","TRT","Bot",4.94,"7/12/2017","ARMTRTBot",4,4.61,-4.61,"July"
"250",2017,"July","ARM","CTL","Bot",2.83,"7/12/2017","ARMCTLBot",0,2.83,-2.83,"July"
"251",2017,"July","WHI","TRT","Top",14.12,"7/12/2017","WHITRTTop",1.5,13.99,-13.99,"July"
"252",2017,"July","WHI","TRT","Bot",14.77,"7/12/2017","WHITRTBot",1.5,14.64,-14.64,"July"
"253",2017,"July","WHI","CTL","Bot",11.25,"7/12/2017","WHICTLBot",2,11.08,-11.08,"July"
"254",2017,"Aug.","SPL","TRT","Top",3.88,"8/30/2017","SPLTRTTop",1,3.8,-3.8,"Aug."
"255",2017,"Aug.","SPL","TRT","Bot",4.26,"8/30/2017","SPLTRTBot",1.5,4.13,-4.13,"Aug."
"256",2017,"Aug.","SPL","CTL","Bot",4.5,"8/30/2017","SPLCTLBot",0,4.5,-4.5,"Aug."
"257",2017,"Aug.","SPL","CTL","Top",3.18,"8/30/2017","SPLCTLTop",13.8,2.03,-2.03,"Aug."
"258",2017,"Aug.","EIA","TRT","Bot",5.6,"8/24/2017","EIATRTBot",0.5,5.56,-5.56,"Aug."
"259",2017,"Aug.","EIA","TRT","Top",5.78,"8/24/2017","EIATRTTop",1,5.7,-5.7,"Aug."
"260",2017,"Aug.","EIA","CTL","Bot",5.68,"8/24/2017","EIACTLBot",1.5,5.55,-5.55,"Aug."
"261",2017,"Aug.","RHO","TRT","Top",3.97,"8/24/2017","RHOTRTTop",5,3.55,-3.55,"Aug."
"262",2017,"Aug.","RHO","TRT","Bot",3.25,"8/24/2017","RHOTRTBot",0,3.25,-3.25,"Aug."
"263",2017,"Aug.","RHO","CTL","Bot",3.25,"8/24/2017","RHOCTLBot",2,3.08,-3.08,"Aug."
"264",2017,"Aug.","MCN","CTL","Bot",5.24,"8/31/2017","MCNCTLBot",1,5.16,-5.16,"Aug."
"265",2017,"Aug.","MCN","TRT","Bot",7.79,"8/31/2017","MCNTRTBot",1.5,7.66,-7.66,"Aug."
"266",2017,"Aug.","WOR","TRT","Top",7.57,"8/21/2017","WORTRTTop",0,7.57,-7.57,"Aug."
"267",2017,"Aug.","WOR","TRT","Bot",7.12,"8/21/2017","WORTRTBot",2,6.95,-6.95,"Aug."
"268",2017,"Aug.","WOR","CTL","Bot",5.38,"8/21/2017","WORCTLBot",1.5,5.25,-5.25,"Aug."
"269",2017,"Aug.","ARM","TRT","Top",5.96,"8/22/2017","ARMTRTTop",2.5,5.75,-5.75,"Aug."
"270",2017,"Aug.","ARM","TRT","Bot",5.97,"8/22/2017","ARMTRTBot",4,5.64,-5.64,"Aug."
"271",2017,"Aug.","ARM","CTL","Bot",4.06,"8/22/2017","ARMCTLBot",0,4.06,-4.06,"Aug."
"272",2017,"Aug.","WHI","TRT","Top",14.75,"8/29/2017","WHITRTTop",1.5,14.62,-14.62,"Aug."
"273",2017,"Aug.","WHI","TRT","Bot",15,"8/29/2017","WHITRTBot",1.5,14.88,-14.88,"Aug."
"274",2017,"Aug.","WHI","CTL","Bot",12.43,"8/29/2017","WHICTLBot",2,12.26,-12.26,"Aug."
"275",2017,"Sept.","SPL","TRT","Top",4.97,"10/2/2017","SPLTRTTop",1,4.89,-4.89,"Sept."
"276",2017,"Sept.","SPL","TRT","Bot",5.22,"10/2/2017","SPLTRTBot",1.5,5.09,-5.09,"Sept."
"277",2017,"Sept.","SPL","CTL","Bot",5.56,"10/2/2017","SPLCTLBot",0,5.56,-5.56,"Sept."
"278",2017,"Sept.","SPL","CTL","Top",3.42,"10/2/2017","SPLCTLTop",13.8,2.27,-2.27,"Sept."
"279",2017,"Sept.","EIA","TRT","Bot",6.71,"9/27/2017","EIATRTBot",0.5,6.67,-6.67,"Sept."
"280",2017,"Sept.","EIA","TRT","Top",6.56,"9/27/2017","EIATRTTop",1,6.48,-6.48,"Sept."
"281",2017,"Sept.","EIA","CTL","Bot",8.11,"9/27/2017","EIACTLBot",1.5,7.98,-7.98,"Sept."
"282",2017,"Sept.","RHO","TRT","Top",5.76,"9/26/2017","RHOTRTTop",5,5.34,-5.34,"Sept."
"283",2017,"Sept.","RHO","TRT","Bot",5.18,"9/26/2017","RHOTRTBot",0,5.18,-5.18,"Sept."
"284",2017,"Sept.","RHO","CTL","Bot",4.73,"9/26/2017","RHOCTLBot",2,4.56,-4.56,"Sept."
"285",2017,"Sept.","MCN","CTL","Bot",5.8,"10/3/2017","MCNCTLBot",1,5.72,-5.72,"Sept."
"286",2017,"Sept.","MCN","TRT","Bot",8.85,"10/3/2017","MCNTRTBot",1.5,8.72,-8.72,"Sept."
"287",2017,"Sept.","WOR","TRT","Top",8.87,"9/26/2017","WORTRTTop",0,8.87,-8.87,"Sept."
"288",2017,"Sept.","WOR","TRT","Bot",9.01,"9/26/2017","WORTRTBot",2,8.84,-8.84,"Sept."
"289",2017,"Sept.","WOR","CTL","Bot",7.36,"9/26/2017","WORCTLBot",1.5,7.24,-7.24,"Sept."
"290",2017,"Sept.","ARM","TRT","Top",7.49,"9/11/2017","ARMTRTTop",2.5,7.28,-7.28,"Sept."
"291",2017,"Sept.","ARM","TRT","Bot",7.62,"9/11/2017","ARMTRTBot",4,7.29,-7.29,"Sept."
"292",2017,"Sept.","ARM","CTL","Bot",10.6,"9/11/2017","ARMCTLBot",0,10.6,-10.6,"Sept."
"293",2017,"Sept.","WHI","TRT","Top",14.78,"9/28/2017","WHITRTTop",1.5,14.65,-14.65,"Sept."
"294",2017,"Sept.","WHI","TRT","Bot",15,"9/28/2017","WHITRTBot",1.5,14.88,-14.88,"Sept."
"295",2017,"Sept.","WHI","CTL","Bot",13.83,"9/28/2017","WHICTLBot",2,13.66,-13.66,"Sept."
"296",2017,"Sept.","GUT","TRT","Top",7.74,"10/4/2017","GUTTRTTop",0,7.74,-7.74,"Sept."
"297",2017,"Sept.","GUT","TRT","Bot",7.82,"10/4/2017","GUTTRTBot",2,7.65,-7.65,"Sept."
"298",2017,"Oct.","SPL","TRT","Top",4.31,"10/19/2017","SPLTRTTop",1,4.23,-4.23,"Oct."
"299",2017,"Oct.","SPL","TRT","Bot",4.74,"10/19/2017","SPLTRTBot",1.5,4.62,-4.62,"Oct."
"300",2017,"Oct.","SPL","CTL","Bot",5.05,"10/19/2017","SPLCTLBot",0,5.05,-5.05,"Oct."
"301",2017,"Oct.","SPL","CTL","Top",3.34,"10/19/2017","SPLCTLTop",13.8,2.19,-2.19,"Oct."
"302",2017,"Oct.","EIA","TRT","Bot",5.49,"10/16/2017","EIATRTBot",0.5,5.45,-5.45,"Oct."
"303",2017,"Oct.","EIA","TRT","Top",6.14,"10/16/2017","EIATRTTop",1,6.06,-6.06,"Oct."
"304",2017,"Oct.","EIA","CTL","Bot",7.78,"10/16/2017","EIACTLBot",1.5,7.66,-7.66,"Oct."
"305",2017,"Oct.","RHO","TRT","Top",2.94,"10/16/2017","RHOTRTTop",5,2.52,-2.52,"Oct."
"306",2017,"Oct.","RHO","TRT","Bot",2.03,"10/16/2017","RHOTRTBot",0,2.03,-2.03,"Oct."
"307",2017,"Oct.","RHO","CTL","Bot",1.67,"10/16/2017","RHOCTLBot",2,1.5,-1.5,"Oct."
"308",2017,"Oct.","MCN","CTL","Bot",4.3,"10/17/2017","MCNCTLBot",1,4.22,-4.22,"Oct."
"309",2017,"Oct.","MCN","TRT","Bot",7.33,"10/17/2017","MCNTRTBot",1.5,7.21,-7.21,"Oct."
"310",2017,"Oct.","WOR","TRT","Top",7.52,"10/23/2017","WORTRTTop",0,7.52,-7.52,"Oct."
"311",2017,"Oct.","WOR","TRT","Bot",7.49,"10/23/2017","WORTRTBot",2,7.32,-7.32,"Oct."
"312",2017,"Oct.","WOR","CTL","Bot",3.85,"10/23/2017","WORCTLBot",1.5,3.73,-3.73,"Oct."
"313",2017,"Oct.","ARM","TRT","Top",4.64,"10/18/2017","ARMTRTTop",2.5,4.43,-4.43,"Oct."
"314",2017,"Oct.","ARM","TRT","Bot",5.29,"10/18/2017","ARMTRTBot",4,4.96,-4.96,"Oct."
"315",2017,"Oct.","ARM","CTL","Bot",2.73,"10/18/2017","ARMCTLBot",0,2.73,-2.73,"Oct."
"316",2017,"Oct.","WHI","TRT","Top",14.78,"10/18/2017","WHITRTTop",1.5,14.65,-14.65,"Oct."
"317",2017,"Oct.","WHI","TRT","Bot",15,"10/18/2017","WHITRTBot",1.5,14.88,-14.88,"Oct."
"318",2017,"Oct.","WHI","CTL","Bot",9.78,"10/18/2017","WHICTLBot",2,9.61,-9.61,"Oct."
"319",2017,"Nov.","SPL","TRT","Top",5.2,"11/28/2017","SPLTRTTop",1,5.12,-5.12,"Nov."
"320",2017,"Nov.","SPL","TRT","Bot",5.59,"11/28/2017","SPLTRTBot",1.5,5.46,-5.46,"Nov."
"321",2017,"Nov.","SPL","CTL","Bot",5.68,"11/28/2017","SPLCTLBot",0,5.68,-5.68,"Nov."
"322",2017,"Nov.","SPL","CTL","Top",4.34,"11/28/2017","SPLCTLTop",13.8,3.19,-3.19,"Nov."
"323",2017,"Nov.","EIA","TRT","Bot",5.86,"11/7/2017","EIATRTBot",0.5,5.82,-5.82,"Nov."
"324",2017,"Nov.","EIA","TRT","Top",5.92,"11/7/2017","EIATRTTop",1,5.84,-5.84,"Nov."
"325",2017,"Nov.","EIA","CTL","Bot",7.83,"11/7/2017","EIACTLBot",1.5,7.7,-7.7,"Nov."
"326",2017,"Nov.","RHO","TRT","Top",3.28,"11/14/2017","RHOTRTTop",5,2.86,-2.86,"Nov."
"327",2017,"Nov.","RHO","TRT","Bot",2.48,"11/14/2017","RHOTRTBot",0,2.48,-2.48,"Nov."
"328",2017,"Nov.","RHO","CTL","Bot",2.83,"11/14/2017","RHOCTLBot",2,2.66,-2.66,"Nov."
"329",2017,"Nov.","MCN","CTL","Bot",6.65,"11/10/2017","MCNCTLBot",1,6.57,-6.57,"Nov."
"330",2017,"Nov.","MCN","TRT","Bot",3.21,"11/10/2017","MCNTRTBot",1.5,3.08,-3.08,"Nov."
"331",2017,"Nov.","WOR","TRT","Top",6.56,"11/14/2017","WORTRTTop",0,6.56,-6.56,"Nov."
"332",2017,"Nov.","WOR","TRT","Bot",6.55,"11/14/2017","WORTRTBot",2,6.38,-6.38,"Nov."
"333",2017,"Nov.","WOR","CTL","Bot",3.75,"11/14/2017","WORCTLBot",1.5,3.62,-3.62,"Nov."
"334",2017,"Nov.","ARM","TRT","Top",4.72,"11/6/2017","ARMTRTTop",2.5,4.51,-4.51,"Nov."
"335",2017,"Nov.","ARM","TRT","Bot",5.3,"11/6/2017","ARMTRTBot",4,4.97,-4.97,"Nov."
"336",2017,"Nov.","ARM","CTL","Bot",7.75,"11/6/2017","ARMCTLBot",0,7.75,-7.75,"Nov."
"337",2017,"Nov.","WHI","TRT","Top",14.79,"11/22/2017","WHITRTTop",1.5,14.66,-14.66,"Nov."
"338",2017,"Nov.","WHI","TRT","Bot",15,"11/22/2017","WHITRTBot",1.5,14.88,-14.88,"Nov."
"339",2017,"Nov.","WHI","CTL","Bot",14.11,"11/22/2017","WHICTLBot",2,13.94,-13.94,"Nov."
"340",2017,"Dec.","SPL","TRT","Top",5.23,"12/14/2017","SPLTRTTop",1,5.15,-5.15,"Dec."
"341",2017,"Dec.","SPL","TRT","Bot",5.53,"12/14/2017","SPLTRTBot",1.5,5.41,-5.41,"Dec."
"342",2017,"Dec.","SPL","CTL","Bot",5.79,"12/14/2017","SPLCTLBot",0,5.79,-5.79,"Dec."
"343",2017,"Dec.","SPL","CTL","Top",4.54,"12/14/2017","SPLCTLTop",13.8,3.39,-3.39,"Dec."
"344",2017,"Dec.","EIA","TRT","Bot",6.34,"12/13/2017","EIATRTBot",0.5,6.3,-6.3,"Dec."
"345",2017,"Dec.","EIA","TRT","Top",6.11,"12/13/2017","EIATRTTop",1,6.03,-6.03,"Dec."
"346",2017,"Dec.","EIA","CTL","Bot",7.63,"12/13/2017","EIACTLBot",1.5,7.5,-7.5,"Dec."
"347",2017,"Dec.","RHO","TRT","Top",3.55,"12/13/2017","RHOTRTTop",5,3.13,-3.13,"Dec."
"348",2017,"Dec.","RHO","TRT","Bot",2.8,"12/13/2017","RHOTRTBot",0,2.8,-2.8,"Dec."
"349",2017,"Dec.","RHO","CTL","Bot",3.08,"12/13/2017","RHOCTLBot",2,2.91,-2.91,"Dec."
"350",2017,"Dec.","MCN","CTL","Bot",3.49,"12/12/2017","MCNCTLBot",1,3.41,-3.41,"Dec."
"351",2017,"Dec.","MCN","TRT","Bot",6.61,"12/12/2017","MCNTRTBot",1.5,6.49,-6.49,"Dec."
"352",2017,"Dec.","WOR","TRT","Top",6.42,"12/15/2017","WORTRTTop",0,6.42,-6.42,"Dec."
"353",2017,"Dec.","WOR","TRT","Bot",6.2,"12/15/2017","WORTRTBot",2,6.03,-6.03,"Dec."
"354",2017,"Dec.","WOR","CTL","Bot",3.74,"12/15/2017","WORCTLBot",1.5,3.62,-3.62,"Dec."
"355",2017,"Dec.","ARM","TRT","Top",6.32,"12/11/2017","ARMTRTTop",2.5,6.11,-6.11,"Dec."
"356",2017,"Dec.","ARM","TRT","Bot",6.56,"12/11/2017","ARMTRTBot",4,6.23,-6.23,"Dec."
"357",2017,"Dec.","ARM","CTL","Bot",11.2,"12/11/2017","ARMCTLBot",0,11.2,-11.2,"Dec."
"358",2017,"Dec.","WHI","TRT","Top",14.78,"12/15/2017","WHITRTTop",1.5,14.65,-14.65,"Dec."
"359",2017,"Dec.","WHI","TRT","Bot",15,"12/15/2017","WHITRTBot",1.5,14.88,-14.88,"Dec."
"360",2017,"Dec.","WHI","CTL","Bot",14.72,"12/15/2017","WHICTLBot",2,14.55,-14.55,"Dec."
"361",2017,"Dec.","GUT","TRT","Top",5.18,"12/18/2017","GUTTRTTop",0,5.18,-5.18,"Dec."
"362",2017,"Dec.","GUT","TRT","Bot",5.2,"12/18/2017","GUTTRTBot",2,5.03,-5.03,"Dec."
"363",2018,"Jan.","ARM","TRT","Top",7.94,"1/17/2018","ARMTRTTop",2.5,7.73,-7.73,"Jan."
"364",2018,"Jan.","ARM","TRT","Bot",7.97,"1/17/2018","ARMTRTBot",4,7.64,-7.64,"Jan."
"365",2018,"Jan.","ARM","CTL","Bot",12.38,"1/17/2018","ARMCTLBot",0,12.38,-12.38,"Jan."
"366",2018,"Jan.","EIA","TRT","Bot",5.33,"1/25/2018","EIATRTBot",0.5,5.29,-5.29,"Jan."
"367",2018,"Jan.","EIA","TRT","Top",5.26,"1/25/2018","EIATRTTop",1,5.18,-5.18,"Jan."
"368",2018,"Jan.","EIA","CTL","Bot",5.28,"1/25/2018","EIACTLBot",1.5,5.16,-5.16,"Jan."
"369",2018,"Jan.","MCN","CTL","Bot",3.61,"1/19/2018","MCNCTLBot",1,3.53,-3.53,"Jan."
"370",2018,"Jan.","MCN","TRT","Bot",6.27,"1/19/2018","MCNTRTBot",1.5,6.14,-6.14,"Jan."
"371",2018,"Jan.","RHO","TRT","Top",2.97,"1/25/2018","RHOTRTTop",5,2.55,-2.55,"Jan."
"372",2018,"Jan.","RHO","TRT","Bot",1.94,"1/25/2018","RHOTRTBot",0,1.94,-1.94,"Jan."
"373",2018,"Jan.","RHO","CTL","Bot",2.59,"1/25/2018","RHOCTLBot",2,2.42,-2.42,"Jan."
"374",2018,"Jan.","SPL","TRT","Top",5.29,"1/18/2018","SPLTRTTop",1,5.21,-5.21,"Jan."
"375",2018,"Jan.","SPL","TRT","Bot",5.81,"1/18/2018","SPLTRTBot",1.5,5.68,-5.68,"Jan."
"376",2018,"Jan.","SPL","CTL","Bot",5.95,"1/18/2018","SPLCTLBot",0,5.95,-5.95,"Jan."
"377",2018,"Jan.","SPL","CTL","Top",4.96,"1/18/2018","SPLCTLTop",13.8,3.81,-3.81,"Jan."
"378",2018,"Jan.","WHI","TRT","Top",14.8,"1/26/2018","WHITRTTop",1.5,14.68,-14.68,"Jan."
"379",2018,"Jan.","WHI","TRT","Bot",15,"1/26/2018","WHITRTBot",1.5,14.88,-14.88,"Jan."
"380",2018,"Jan.","WHI","CTL","Bot",8.15,"1/26/2018","WHICTLBot",2,7.98,-7.98,"Jan."
"381",2018,"Jan.","WOR","TRT","Top",6.45,"1/19/2018","WORTRTTop",0,6.45,-6.45,"Jan."
"382",2018,"Jan.","WOR","TRT","Bot",5.83,"1/19/2018","WORTRTBot",2,5.66,-5.66,"Jan."
"383",2018,"Jan.","WOR","CTL","Bot",3.51,"1/19/2018","WORCTLBot",1.5,3.38,-3.38,"Jan."
"384",2018,"Feb.","ARM","TRT","Top",5.9,"2/15/2018","ARMTRTTop",2.5,5.69,-5.69,"Feb."
"385",2018,"Feb.","ARM","TRT","Bot",5.9,"2/15/2018","ARMTRTBot",4,5.57,-5.57,"Feb."
"386",2018,"Feb.","ARM","CTL","Bot",6.38,"2/15/2018","ARMCTLBot",0,6.38,-6.38,"Feb."
"387",2018,"Feb.","EIA","TRT","Bot",0,"2/28/2018","EIATRTBot",0.5,-0.04,0.04,"Feb."
"388",2018,"Feb.","EIA","TRT","Top",4.45,"2/28/2018","EIATRTTop",1,4.37,-4.37,"Feb."
"389",2018,"Feb.","EIA","CTL","Bot",4.23,"2/28/2018","EIACTLBot",1.5,4.11,-4.11,"Feb."
"390",2018,"Feb.","MCN","CTL","Bot",2.66,"2/13/2018","MCNCTLBot",1,2.58,-2.58,"Feb."
"391",2018,"Feb.","MCN","TRT","Bot",5.09,"2/13/2018","MCNTRTBot",1.5,4.96,-4.96,"Feb."
"392",2018,"Feb.","RHO","TRT","Top",2.74,"2/28/2018","RHOTRTTop",5,2.32,-2.32,"Feb."
"393",2018,"Feb.","RHO","TRT","Bot",1.86,"2/28/2018","RHOTRTBot",0,1.86,-1.86,"Feb."
"394",2018,"Feb.","RHO","CTL","Bot",2.38,"2/28/2018","RHOCTLBot",2,2.21,-2.21,"Feb."
"395",2018,"Feb.","SPL","TRT","Top",NA,"2/14/2018","SPLTRTTop",1,NA,NA,"Feb."
"396",2018,"Feb.","SPL","TRT","Bot",NA,"2/14/2018","SPLTRTBot",1.5,NA,NA,"Feb."
"397",2018,"Feb.","SPL","CTL","Bot",6.05,"2/14/2018","SPLCTLBot",0,6.05,-6.05,"Feb."
"398",2018,"Feb.","SPL","CTL","Top",NA,"2/14/2018","SPLCTLTop",13.8,NA,NA,"Feb."
"399",2018,"Feb.","WHI","TRT","Top",14.79,"2/22/2018","WHITRTTop",1.5,14.66,-14.66,"Feb."
"400",2018,"Feb.","WHI","TRT","Bot",15,"2/22/2018","WHITRTBot",1.5,14.88,-14.88,"Feb."
"401",2018,"Feb.","WHI","CTL","Bot",10.55,"2/22/2018","WHICTLBot",2,10.38,-10.38,"Feb."
"402",2018,"Feb.","WOR","TRT","Top",6.12,"2/13/2018","WORTRTTop",0,6.12,-6.12,"Feb."
"403",2018,"Feb.","WOR","TRT","Bot",5.48,"2/13/2018","WORTRTBot",2,5.31,-5.31,"Feb."
"404",2018,"Feb.","WOR","CTL","Bot",3.5,"2/13/2018","WORCTLBot",1.5,3.38,-3.38,"Feb."
"405",2018,"Mar.","ARM","TRT","Top",7.23,"3/15/2018","ARMTRTTop",2.5,7.02,-7.02,"Mar."
"406",2018,"Mar.","ARM","TRT","Bot",7.19,"3/15/2018","ARMTRTBot",4,6.86,-6.86,"Mar."
"407",2018,"Mar.","ARM","CTL","Bot",10.55,"3/15/2018","ARMCTLBot",0,10.55,-10.55,"Mar."
"408",2018,"Mar.","EIA","TRT","Bot",4.48,"3/12/2018","EIATRTBot",0.5,4.44,-4.44,"Mar."
"409",2018,"Mar.","EIA","TRT","Top",4.52,"3/12/2018","EIATRTTop",1,4.44,-4.44,"Mar."
"410",2018,"Mar.","EIA","CTL","Bot",4.54,"3/12/2018","EIACTLBot",1.5,4.42,-4.42,"Mar."
"411",2018,"Mar.","MCN","CTL","Bot",0.63,"3/20/2018","MCNCTLBot",1,0.55,-0.55,"Mar."
"412",2018,"Mar.","MCN","TRT","Bot",1.45,"3/20/2018","MCNTRTBot",1.5,1.32,-1.32,"Mar."
"413",2018,"Mar.","RHO","TRT","Top",3.02,"3/14/2018","RHOTRTTop",5,2.6,-2.6,"Mar."
"414",2018,"Mar.","RHO","TRT","Bot",1.95,"3/14/2018","RHOTRTBot",0,1.95,-1.95,"Mar."
"415",2018,"Mar.","RHO","CTL","Bot",2.73,"3/14/2018","RHOCTLBot",2,2.56,-2.56,"Mar."
"416",2018,"Mar.","SPL","TRT","Top",NA,"3/19/2018","SPLTRTTop",1,NA,NA,"Mar."
"417",2018,"Mar.","SPL","TRT","Bot",NA,"3/19/2018","SPLTRTBot",1.5,NA,NA,"Mar."
"418",2018,"Mar.","SPL","CTL","Bot",3.8,"3/19/2018","SPLCTLBot",0,3.8,-3.8,"Mar."
"419",2018,"Mar.","SPL","CTL","Top",3.18,"3/19/2018","SPLCTLTop",13.8,2.03,-2.03,"Mar."
"420",2018,"Mar.","WHI","TRT","Top",14.8,"3/13/2018","WHITRTTop",1.5,14.68,-14.68,"Mar."
"421",2018,"Mar.","WHI","TRT","Bot",15,"3/13/2018","WHITRTBot",1.5,14.88,-14.88,"Mar."
"422",2018,"Mar.","WHI","CTL","Bot",9.45,"3/13/2018","WHICTLBot",2,9.28,-9.28,"Mar."
"423",2018,"Mar.","WOR","TRT","Top",6.28,"3/14/2018","WORTRTTop",0,6.28,-6.28,"Mar."
"424",2018,"Mar.","WOR","TRT","Bot",5.22,"3/14/2018","WORTRTBot",2,5.05,-5.05,"Mar."
"425",2018,"Mar.","WOR","CTL","Bot",3.07,"3/14/2018","WORCTLBot",1.5,2.94,-2.94,"Mar."
"426",2018,"Mar.","GUT","TRT","Top",4.84,"3/9/2018","GUTTRTTop",0,4.84,-4.84,"Mar."
"427",2018,"Mar.","GUT","TRT","Bot",4.98,"3/9/2018","GUTTRTBot",2,4.81,-4.81,"Mar."
"428",2018,"Apr.","ARM","TRT","Top",5.4,"4/11/2018","ARMTRTTop",2.5,5.19,-5.19,"Apr."
"429",2018,"Apr.","ARM","TRT","Bot",5.84,"4/11/2018","ARMTRTBot",4,5.51,-5.51,"Apr."
"430",2018,"Apr.","ARM","CTL","Bot",8.36,"4/11/2018","ARMCTLBot",0,8.36,-8.36,"Apr."
"431",2018,"Apr.","EIA","TRT","Bot",4.36,"4/23/2018","EIATRTBot",0.5,4.32,-4.32,"Apr."
"432",2018,"Apr.","EIA","TRT","Top",4.25,"4/23/2018","EIATRTTop",1,4.17,-4.17,"Apr."
"433",2018,"Apr.","EIA","CTL","Bot",3.84,"4/23/2018","EIACTLBot",1.5,3.71,-3.71,"Apr."
"434",2018,"Apr.","MCN","CTL","Bot",1.08,"4/9/2018","MCNCTLBot",1,1,-1,"Apr."
"435",2018,"Apr.","MCN","TRT","Bot",1.44,"4/9/2018","MCNTRTBot",1.5,1.31,-1.31,"Apr."
"436",2018,"Apr.","RHO","TRT","Top",2.65,"4/23/2018","RHOTRTTop",5,2.23,-2.23,"Apr."
"437",2018,"Apr.","RHO","TRT","Bot",1.68,"4/23/2018","RHOTRTBot",0,1.68,-1.68,"Apr."
"438",2018,"Apr.","RHO","CTL","Bot",1.45,"4/23/2018","RHOCTLBot",2,1.28,-1.28,"Apr."
"439",2018,"Apr.","SPL","TRT","Top",3.02,"4/12/2018","SPLTRTTop",1,2.94,-2.94,"Apr."
"440",2018,"Apr.","SPL","TRT","Bot",4.41,"4/12/2018","SPLTRTBot",1.5,4.29,-4.29,"Apr."
"441",2018,"Apr.","SPL","CTL","Bot",4.76,"4/12/2018","SPLCTLBot",0,4.76,-4.76,"Apr."
"442",2018,"Apr.","SPL","CTL","Top",2.55,"4/12/2018","SPLCTLTop",13.8,1.4,-1.4,"Apr."
"443",2018,"Apr.","WHI","TRT","Top",14.79,"4/10/2018","WHITRTTop",1.5,14.66,-14.66,"Apr."
"444",2018,"Apr.","WHI","TRT","Bot",15,"4/10/2018","WHITRTBot",1.5,14.88,-14.88,"Apr."
"445",2018,"Apr.","WHI","CTL","Bot",8.65,"4/10/2018","WHICTLBot",2,8.48,-8.48,"Apr."
"446",2018,"Apr.","WOR","TRT","Top",5.1,"4/11/2018","WORTRTTop",0,5.1,-5.1,"Apr."
"447",2018,"Apr.","WOR","TRT","Bot",4.58,"4/11/2018","WORTRTBot",2,4.41,-4.41,"Apr."
"448",2018,"Apr.","WOR","CTL","Bot",2.08,"4/11/2018","WORCTLBot",1.5,1.96,-1.96,"Apr."
"449",2018,"May","ARM","TRT","Top",5.14,"5/7/2018","ARMTRTTop",2.5,4.93,-4.93,"May"
"450",2018,"May","ARM","TRT","Bot",5.41,"5/7/2018","ARMTRTBot",4,5.08,-5.08,"May"
"451",2018,"May","ARM","CTL","Bot",2.84,"5/7/2018","ARMCTLBot",0,2.84,-2.84,"May"
"452",2018,"May","EIA","TRT","Bot",4.51,"5/10/2018","EIATRTBot",0.5,4.47,-4.47,"May"
"453",2018,"May","EIA","TRT","Top",4.54,"5/10/2018","EIATRTTop",1,4.46,-4.46,"May"
"454",2018,"May","EIA","CTL","Bot",3.83,"5/10/2018","EIACTLBot",1.5,3.7,-3.7,"May"
"455",2018,"May","MCN","CTL","Bot",1.1,"5/8/2018","MCNCTLBot",1,1.02,-1.02,"May"
"456",2018,"May","MCN","TRT","Bot",1.78,"5/8/2018","MCNTRTBot",1.5,1.66,-1.66,"May"
"457",2018,"May","RHO","TRT","Top",1.1,"5/4/2018","RHOTRTTop",5,0.68,-0.68,"May"
"458",2018,"May","RHO","TRT","Bot",0.31,"5/4/2018","RHOTRTBot",0,0.31,-0.31,"May"
"459",2018,"May","RHO","CTL","Bot",0.49,"5/4/2018","RHOCTLBot",2,0.32,-0.32,"May"
"460",2018,"May","SPL","TRT","Top",3.67,"5/23/2018","SPLTRTTop",1,3.59,-3.59,"May"
"461",2018,"May","SPL","TRT","Bot",4.37,"5/23/2018","SPLTRTBot",1.5,4.25,-4.25,"May"
"462",2018,"May","SPL","CTL","Bot",4.51,"5/23/2018","SPLCTLBot",0,4.51,-4.51,"May"
"463",2018,"May","SPL","CTL","Top",1.73,"5/23/2018","SPLCTLTop",13.8,0.58,-0.58,"May"
"464",2018,"May","WHI","TRT","Top",5.95,"5/11/2018","WHITRTTop",1.5,5.83,-5.83,"May"
"465",2018,"May","WHI","TRT","Bot",6.27,"5/11/2018","WHITRTBot",1.5,6.14,-6.14,"May"
"466",2018,"May","WHI","CTL","Bot",4.17,"5/11/2018","WHICTLBot",2,4,-4,"May"
"467",2018,"May","WOR","TRT","Top",4.08,"5/3/2018","WORTRTTop",0,4.08,-4.08,"May"
"468",2018,"May","WOR","TRT","Bot",3.78,"5/3/2018","WORTRTBot",2,3.61,-3.61,"May"
"469",2018,"May","WOR","CTL","Bot",0.43,"5/3/2018","WORCTLBot",1.5,0.3,-0.3,"May"
"470",2018,"June","ARM","TRT","Top",4.11,"6/6/2018","ARMTRTTop",2.5,3.9,-3.9,"June"
"471",2018,"June","ARM","TRT","Bot",4.78,"6/6/2018","ARMTRTBot",4,4.45,-4.45,"June"
"472",2018,"June","ARM","CTL","Bot",2.7,"6/6/2018","ARMCTLBot",0,2.7,-2.7,"June"
"473",2018,"June","EIA","TRT","Bot",4,"6/11/2018","EIATRTBot",0.5,3.96,-3.96,"June"
"474",2018,"June","EIA","TRT","Top",3.94,"6/11/2018","EIATRTTop",1,3.86,-3.86,"June"
"475",2018,"June","EIA","CTL","Bot",3.29,"6/11/2018","EIACTLBot",1.5,3.17,-3.17,"June"
"476",2018,"June","MCN","CTL","Bot",0.83,"6/4/2018","MCNCTLBot",1,0.75,-0.75,"June"
"477",2018,"June","MCN","TRT","Bot",1.62,"6/4/2018","MCNTRTBot",1.5,1.5,-1.5,"June"
"478",2018,"June","RHO","TRT","Top",3.1,"6/12/2018","RHOTRTTop",5,2.68,-2.68,"June"
"479",2018,"June","RHO","TRT","Bot",2.35,"6/12/2018","RHOTRTBot",0,2.35,-2.35,"June"
"480",2018,"June","RHO","CTL","Bot",2.68,"6/12/2018","RHOCTLBot",2,2.51,-2.51,"June"
"481",2018,"June","SPL","TRT","Top",4.97,"6/7/2018","SPLTRTTop",1,4.89,-4.89,"June"
"482",2018,"June","SPL","TRT","Bot",4.88,"6/7/2018","SPLTRTBot",1.5,4.75,-4.75,"June"
"483",2018,"June","SPL","CTL","Bot",5.14,"6/7/2018","SPLCTLBot",0,5.14,-5.14,"June"
"484",2018,"June","SPL","CTL","Top",3.41,"6/7/2018","SPLCTLTop",13.8,2.26,-2.26,"June"
"485",2018,"June","WHI","TRT","Top",13.41,"6/8/2018","WHITRTTop",1.5,13.29,-13.29,"June"
"486",2018,"June","WHI","TRT","Bot",14.76,"6/8/2018","WHITRTBot",1.5,14.63,-14.63,"June"
"487",2018,"June","WHI","CTL","Bot",5.24,"6/8/2018","WHICTLBot",2,5.07,-5.07,"June"
"488",2018,"June","WOR","TRT","Top",4.86,"6/8/2018","WORTRTTop",0,4.86,-4.86,"June"
"489",2018,"June","WOR","TRT","Bot",5.06,"6/8/2018","WORTRTBot",2,4.89,-4.89,"June"
"490",2018,"June","WOR","CTL","Bot",1.42,"6/8/2018","WORCTLBot",1.5,1.29,-1.29,"June"
"491",2018,"June","GUT","TRT","Top",2.77,"6/18/2018","GUTTRTTop",0,2.77,-2.77,"June"
"492",2018,"June","GUT","TRT","Bot",2.81,"6/18/2018","GUTTRTBot",2,2.64,-2.64,"June"
"493",2018,"July","ARM","TRT","Top",3.9,"7/6/2018","ARMTRTTop",2.5,3.69,-3.69,"July"
"494",2018,"July","ARM","TRT","Bot",4.48,"7/6/2018","ARMTRTBot",4,4.15,-4.15,"July"
"495",2018,"July","ARM","CTL","Bot",2.4,"7/6/2018","ARMCTLBot",0,2.4,-2.4,"July"
"496",2018,"July","EIA","TRT","Bot",4.33,"7/3/2018","EIATRTBot",0.5,4.29,-4.29,"July"
"497",2018,"July","EIA","TRT","Top",4.3,"7/3/2018","EIATRTTop",1,4.22,-4.22,"July"
"498",2018,"July","EIA","CTL","Bot",NA,"7/3/2018","EIACTLBot",1.5,NA,NA,"July"
"499",2018,"July","MCN","CTL","Bot",0,"7/2/2018","MCNCTLBot",1,-0.08,0.08,"July"
"500",2018,"July","MCN","TRT","Bot",1.01,"7/2/2018","MCNTRTBot",1.5,0.88,-0.88,"July"
"501",2018,"July","RHO","TRT","Top",2.58,"7/3/2018","RHOTRTTop",5,2.16,-2.16,"July"
"502",2018,"July","RHO","TRT","Bot",1.62,"7/3/2018","RHOTRTBot",0,1.62,-1.62,"July"
"503",2018,"July","RHO","CTL","Bot",1.37,"7/3/2018","RHOCTLBot",2,1.2,-1.2,"July"
"504",2018,"July","SPL","TRT","Top",2.58,"7/5/2018","SPLTRTTop",1,2.5,-2.5,"July"
"505",2018,"July","SPL","TRT","Bot",3.59,"7/5/2018","SPLTRTBot",1.5,3.46,-3.46,"July"
"506",2018,"July","SPL","CTL","Bot",2.57,"7/5/2018","SPLCTLBot",0,2.57,-2.57,"July"
"507",2018,"July","SPL","CTL","Top",1.53,"7/5/2018","SPLCTLTop",13.8,0.38,-0.38,"July"
"508",2018,"July","WHI","TRT","Top",6.72,"7/10/2018","WHITRTTop",1.5,6.59,-6.59,"July"
"509",2018,"July","WHI","TRT","Bot",6.99,"7/10/2018","WHITRTBot",1.5,6.87,-6.87,"July"
"510",2018,"July","WHI","CTL","Bot",3.92,"7/10/2018","WHICTLBot",2,3.75,-3.75,"July"
"511",2018,"July","WOR","TRT","Top",4.03,"7/2/2018","WORTRTTop",0,4.03,-4.03,"July"
"512",2018,"July","WOR","TRT","Bot",3.76,"7/2/2018","WORTRTBot",2,3.59,-3.59,"July"
"513",2018,"July","WOR","CTL","Bot",0.5,"7/2/2018","WORCTLBot",1.5,0.38,-0.38,"July"
"514",2018,"Aug.","ARM","TRT","Top",5.97,"8/14/2018","ARMTRTTop",2.5,5.76,-5.76,"Aug."
"515",2018,"Aug.","ARM","TRT","Bot",6.23,"8/14/2018","ARMTRTBot",4,5.9,-5.9,"Aug."
"516",2018,"Aug.","ARM","CTL","Bot",10.1,"8/14/2018","ARMCTLBot",0,10.1,-10.1,"Aug."
"517",2018,"Aug.","EIA","TRT","Bot",4.81,"8/6/2018","EIATRTBot",0.5,4.77,-4.77,"Aug."
"518",2018,"Aug.","EIA","TRT","Top",5.22,"8/6/2018","EIATRTTop",1,5.14,-5.14,"Aug."
"519",2018,"Aug.","EIA","CTL","Bot",4.99,"8/6/2018","EIACTLBot",1.5,4.87,-4.87,"Aug."
"520",2018,"Aug.","MCN","CTL","Bot",4.07,"8/9/2018","MCNCTLBot",1,3.99,-3.99,"Aug."
"521",2018,"Aug.","MCN","TRT","Bot",6.53,"8/9/2018","MCNTRTBot",1.5,6.41,-6.41,"Aug."
"522",2018,"Aug.","RHO","TRT","Top",1.92,"8/7/2018","RHOTRTTop",5,1.5,-1.5,"Aug."
"523",2018,"Aug.","RHO","TRT","Bot",0.69,"8/7/2018","RHOTRTBot",0,0.69,-0.69,"Aug."
"524",2018,"Aug.","RHO","CTL","Bot",1.17,"8/7/2018","RHOCTLBot",2,1,-1,"Aug."
"525",2018,"Aug.","SPL","TRT","Top",5.25,"8/13/2018","SPLTRTTop",1,5.17,-5.17,"Aug."
"526",2018,"Aug.","SPL","TRT","Bot",5.37,"8/13/2018","SPLTRTBot",1.5,5.25,-5.25,"Aug."
"527",2018,"Aug.","SPL","CTL","Bot",5.5,"8/13/2018","SPLCTLBot",0,5.5,-5.5,"Aug."
"528",2018,"Aug.","SPL","CTL","Top",4.06,"8/13/2018","SPLCTLTop",13.8,2.91,-2.91,"Aug."
"529",2018,"Aug.","WHI","TRT","Top",14.76,"8/15/2018","WHITRTTop",1.5,14.63,-14.63,"Aug."
"530",2018,"Aug.","WHI","TRT","Bot",14.76,"8/15/2018","WHITRTBot",1.5,14.63,-14.63,"Aug."
"531",2018,"Aug.","WHI","CTL","Bot",10.19,"8/15/2018","WHICTLBot",2,10.02,-10.02,"Aug."
"532",2018,"Aug.","WOR","TRT","Top",5.49,"8/7/2018","WORTRTTop",0,5.49,-5.49,"Aug."
"533",2018,"Aug.","WOR","TRT","Bot",5.09,"8/7/2018","WORTRTBot",2,4.92,-4.92,"Aug."
"534",2018,"Aug.","WOR","CTL","Bot",2.04,"8/7/2018","WORCTLBot",1.5,1.92,-1.92,"Aug."
"535",2018,"Sept.","ARM","TRT","Top",2.74,"9/4/2018","ARMTRTTop",2.5,2.53,-2.53,"Sept."
"536",2018,"Sept.","ARM","TRT","Bot",3.37,"9/4/2018","ARMTRTBot",4,3.04,-3.04,"Sept."
"537",2018,"Sept.","ARM","CTL","Bot",0.44,"9/4/2018","ARMCTLBot",0,0.44,-0.44,"Sept."
"538",2018,"Sept.","EIA","TRT","Bot",2.48,"9/6/2018","EIATRTBot",0.5,2.44,-2.44,"Sept."
"539",2018,"Sept.","EIA","TRT","Top",3.45,"9/6/2018","EIATRTTop",1,3.37,-3.37,"Sept."
"540",2018,"Sept.","EIA","CTL","Bot",3.76,"9/6/2018","EIACTLBot",1.5,3.63,-3.63,"Sept."
"541",2018,"Sept.","MCN","CTL","Bot",1.33,"9/11/2018","MCNCTLBot",1,1.25,-1.25,"Sept."
"542",2018,"Sept.","MCN","TRT","Bot",1.74,"9/11/2018","MCNTRTBot",1.5,1.62,-1.62,"Sept."
"543",2018,"Sept.","RHO","TRT","Top",2.69,"9/14/2018","RHOTRTTop",5,2.27,-2.27,"Sept."
"544",2018,"Sept.","RHO","TRT","Bot",1.88,"9/14/2018","RHOTRTBot",0,1.88,-1.88,"Sept."
"545",2018,"Sept.","RHO","CTL","Bot",1.91,"9/14/2018","RHOCTLBot",2,1.74,-1.74,"Sept."
"546",2018,"Sept.","SPL","TRT","Top",4.52,"9/13/2018","SPLTRTTop",1,4.44,-4.44,"Sept."
"547",2018,"Sept.","SPL","TRT","Bot",4.7,"9/13/2018","SPLTRTBot",1.5,4.58,-4.58,"Sept."
"548",2018,"Sept.","SPL","CTL","Bot",4.95,"9/13/2018","SPLCTLBot",0,4.95,-4.95,"Sept."
"549",2018,"Sept.","SPL","CTL","Top",3.41,"9/13/2018","SPLCTLTop",13.8,2.26,-2.26,"Sept."
"550",2018,"Sept.","WHI","TRT","Top",14.77,"9/12/2018","WHITRTTop",1.5,14.64,-14.64,"Sept."
"551",2018,"Sept.","WHI","TRT","Bot",14.76,"9/12/2018","WHITRTBot",1.5,14.63,-14.63,"Sept."
"552",2018,"Sept.","WHI","CTL","Bot",8.5,"9/12/2018","WHICTLBot",2,8.33,-8.33,"Sept."
"553",2018,"Sept.","WOR","TRT","Top",5.01,"9/12/2018","WORTRTTop",0,5.01,-5.01,"Sept."
"554",2018,"Sept.","WOR","TRT","Bot",4.49,"9/12/2018","WORTRTBot",2,4.32,-4.32,"Sept."
"555",2018,"Sept.","WOR","CTL","Bot",1.83,"9/12/2018","WORCTLBot",1.5,1.7,-1.7,"Sept."
"556",2018,"Sept.","GUT","TRT","Top",3.25,"9/14/2018","GUTTRTTop",0,3.25,-3.25,"Sept."
"557",2018,"Sept.","GUT","TRT","Bot",3.31,"9/14/2018","GUTTRTBot",2,3.14,-3.14,"Sept."
"558",2018,"Oct.","ARM","TRT","Top",4.24,"10/4/2018","ARMTRTTop",2.5,4.03,-4.03,"Oct."
"559",2018,"Oct.","ARM","TRT","Bot",4.78,"10/4/2018","ARMTRTBot",4,4.45,-4.45,"Oct."
"560",2018,"Oct.","ARM","CTL","Bot",2.3,"10/4/2018","ARMCTLBot",0,2.3,-2.3,"Oct."
"561",2018,"Oct.","EIA","TRT","Bot",4.14,"10/2/2018","EIATRTBot",0.5,4.1,-4.1,"Oct."
"562",2018,"Oct.","EIA","TRT","Top",3.7,"10/2/2018","EIATRTTop",1,3.62,-3.62,"Oct."
"563",2018,"Oct.","EIA","CTL","Bot",3.65,"10/2/2018","EIACTLBot",1.5,3.52,-3.52,"Oct."
"564",2018,"Oct.","MCN","CTL","Bot",2.63,"10/1/2018","MCNCTLBot",1,2.55,-2.55,"Oct."
"565",2018,"Oct.","MCN","TRT","Bot",3.79,"10/1/2018","MCNTRTBot",1.5,3.66,-3.66,"Oct."
"566",2018,"Oct.","RHO","TRT","Top",2.08,"10/2/2018","RHOTRTTop",5,1.66,-1.66,"Oct."
"567",2018,"Oct.","RHO","TRT","Bot",0.82,"10/2/2018","RHOTRTBot",0,0.82,-0.82,"Oct."
"568",2018,"Oct.","RHO","CTL","Bot",0.48,"10/2/2018","RHOCTLBot",2,0.31,-0.31,"Oct."
"569",2018,"Oct.","SPL","TRT","Top",4.5,"10/3/2018","SPLTRTTop",1,4.42,-4.42,"Oct."
"570",2018,"Oct.","SPL","TRT","Bot",4.64,"10/3/2018","SPLTRTBot",1.5,4.51,-4.51,"Oct."
"571",2018,"Oct.","SPL","CTL","Bot",4.76,"10/3/2018","SPLCTLBot",0,4.76,-4.76,"Oct."
"572",2018,"Oct.","SPL","CTL","Top",2.79,"10/3/2018","SPLCTLTop",13.8,1.64,-1.64,"Oct."
"573",2018,"Oct.","WHI","TRT","Top",5.2,"10/4/2018","WHITRTTop",1.5,5.08,-5.08,"Oct."
"574",2018,"Oct.","WHI","TRT","Bot",5.21,"10/4/2018","WHITRTBot",1.5,5.08,-5.08,"Oct."
"575",2018,"Oct.","WHI","CTL","Bot",3.53,"10/4/2018","WHICTLBot",2,3.36,-3.36,"Oct."
"576",2018,"Oct.","WOR","TRT","Top",4.13,"10/2/2018","WORTRTTop",0,4.13,-4.13,"Oct."
"577",2018,"Oct.","WOR","TRT","Bot",4.12,"10/2/2018","WORTRTBot",2,3.95,-3.95,"Oct."
"578",2018,"Oct.","WOR","CTL","Bot",0.48,"10/2/2018","WORCTLBot",1.5,0.36,-0.36,"Oct."
"579",2018,"Nov.","ARM","TRT","Top",4.23,"11/9/2018","ARMTRTTop",2.5,4.02,-4.02,"Nov."
"580",2018,"Nov.","ARM","TRT","Bot",4.78,"11/9/2018","ARMTRTBot",4,4.45,-4.45,"Nov."
"581",2018,"Nov.","ARM","CTL","Bot",2.11,"11/9/2018","ARMCTLBot",0,2.11,-2.11,"Nov."
"582",2018,"Nov.","EIA","TRT","Bot",4.1,"11/8/2018","EIATRTBot",0.5,4.06,-4.06,"Nov."
"583",2018,"Nov.","EIA","TRT","Top",3.73,"11/8/2018","EIATRTTop",1,3.65,-3.65,"Nov."
"584",2018,"Nov.","EIA","CTL","Bot",3.6,"11/8/2018","EIACTLBot",1.5,3.48,-3.48,"Nov."
"585",2018,"Nov.","MCN","CTL","Bot",0.35,"11/12/2018","MCNCTLBot",1,0.27,-0.27,"Nov."
"586",2018,"Nov.","MCN","TRT","Bot",0.88,"11/12/2018","MCNTRTBot",1.5,0.76,-0.76,"Nov."
"587",2018,"Nov.","RHO","TRT","Top",2.14,"11/6/2018","RHOTRTTop",5,1.72,-1.72,"Nov."
"588",2018,"Nov.","RHO","TRT","Bot",0.88,"11/6/2018","RHOTRTBot",0,0.88,-0.88,"Nov."
"589",2018,"Nov.","RHO","CTL","Bot",0.41,"11/6/2018","RHOCTLBot",2,0.24,-0.24,"Nov."
"590",2018,"Nov.","SPL","TRT","Top",5.02,"11/29/2018","SPLTRTTop",1,4.94,-4.94,"Nov."
"591",2018,"Nov.","SPL","TRT","Bot",5.44,"11/29/2018","SPLTRTBot",1.5,5.32,-5.32,"Nov."
"592",2018,"Nov.","SPL","CTL","Bot",5.49,"11/29/2018","SPLCTLBot",0,5.49,-5.49,"Nov."
"593",2018,"Nov.","SPL","CTL","Top",4.01,"11/29/2018","SPLCTLTop",13.8,2.86,-2.86,"Nov."
"594",2018,"Nov.","WHI","TRT","Top",7.8,"11/7/2018","WHITRTTop",1.5,7.67,-7.67,"Nov."
"595",2018,"Nov.","WHI","TRT","Bot",10.1,"11/7/2018","WHITRTBot",1.5,9.97,-9.97,"Nov."
"596",2018,"Nov.","WHI","CTL","Bot",6.8,"11/7/2018","WHICTLBot",2,6.63,-6.63,"Nov."
"597",2018,"Nov.","WOR","TRT","Top",4.75,"11/7/2018","WORTRTTop",0,4.75,-4.75,"Nov."
"598",2018,"Nov.","WOR","TRT","Bot",5.01,"11/7/2018","WORTRTBot",2,4.84,-4.84,"Nov."
"599",2018,"Nov.","WOR","CTL","Bot",1.53,"11/7/2018","WORCTLBot",1.5,1.4,-1.4,"Nov."
"600",2018,"Dec.","ARM","TRT","Top",4.24,"12/11/2018","ARMTRTTop",2.5,4.03,-4.03,"Dec."
"601",2018,"Dec.","ARM","TRT","Bot",4.77,"12/11/2018","ARMTRTBot",4,4.44,-4.44,"Dec."
"602",2018,"Dec.","ARM","CTL","Bot",1.93,"12/11/2018","ARMCTLBot",0,1.93,-1.93,"Dec."
"603",2018,"Dec.","MCN","CTL","Bot",0,"12/14/2018","MCNCTLBot",1,-0.08,0.08,"Dec."
"604",2018,"Dec.","MCN","TRT","Bot",0.44,"12/14/2018","MCNTRTBot",1.5,0.32,-0.32,"Dec."
"605",2018,"Dec.","RHO","TRT","Top",2.65,"12/19/2018","RHOTRTTop",5,2.23,-2.23,"Dec."
"606",2018,"Dec.","RHO","TRT","Bot",1.81,"12/19/2018","RHOTRTBot",0,1.81,-1.81,"Dec."
"607",2018,"Dec.","RHO","CTL","Bot",1.04,"12/19/2018","RHOCTLBot",2,0.87,-0.87,"Dec."
"608",2018,"Dec.","SPL","TRT","Top",5.12,"12/17/2018","SPLTRTTop",1,5.04,-5.04,"Dec."
"609",2018,"Dec.","SPL","TRT","Bot",5.59,"12/17/2018","SPLTRTBot",1.5,5.46,-5.46,"Dec."
"610",2018,"Dec.","SPL","CTL","Bot",5.61,"12/17/2018","SPLCTLBot",0,5.61,-5.61,"Dec."
"611",2018,"Dec.","SPL","CTL","Top",4.33,"12/17/2018","SPLCTLTop",13.8,3.18,-3.18,"Dec."
"612",2018,"Dec.","WHI","TRT","Top",7.2,"12/11/2018","WHITRTTop",1.5,7.08,-7.08,"Dec."
"613",2018,"Dec.","WHI","TRT","Bot",10.47,"12/11/2018","WHITRTBot",1.5,10.35,-10.35,"Dec."
"614",2018,"Dec.","WHI","CTL","Bot",6.06,"12/11/2018","WHICTLBot",2,5.89,-5.89,"Dec."
"615",2018,"Dec.","WOR","TRT","Top",5.99,"12/19/2018","WORTRTTop",0,5.99,-5.99,"Dec."
"616",2018,"Dec.","WOR","TRT","Bot",4.84,"12/19/2018","WORTRTBot",2,4.67,-4.67,"Dec."
"617",2018,"Dec.","WOR","CTL","Bot",2.63,"12/19/2018","WORCTLBot",1.5,2.5,-2.5,"Dec."
"618",2018,"Dec.","GUT","TRT","Top",3.09,"12/21/2018","GUTTRTTop",0,3.09,-3.09,"Dec."
"619",2018,"Dec.","GUT","TRT","Bot",3.33,"12/21/2018","GUTTRTBot",2,3.16,-3.16,"Dec."
"620",2019,"Jan.","ARM","TRT","Top",4.26,"1/10/2019","ARMTRTTop",2.5,4.05,-4.05,"Jan."
"621",2019,"Jan.","ARM","TRT","Bot",4.75,"1/10/2019","ARMTRTBot",4,4.42,-4.42,"Jan."
"622",2019,"Jan.","ARM","CTL","Bot",1.99,"1/10/2019","ARMCTLBot",0,1.99,-1.99,"Jan."
"623",2019,"Jan.","MCN","CTL","Bot",NA,"1/11/2019","MCNCTLBot",1,NA,NA,"Jan."
"624",2019,"Jan.","MCN","TRT","Bot",0.82,"1/11/2019","MCNTRTBot",1.5,0.7,-0.7,"Jan."
"625",2019,"Jan.","RHO","TRT","Top",2.74,"1/11/2019","RHOTRTTop",5,2.32,-2.32,"Jan."
"626",2019,"Jan.","RHO","TRT","Bot",NA,"1/11/2019","RHOTRTBot",0,NA,NA,"Jan."
"627",2019,"Jan.","RHO","CTL","Bot",1.48,"1/11/2019","RHOCTLBot",2,1.31,-1.31,"Jan."
"628",2019,"Jan.","SPL","TRT","Top",4.93,"1/14/2019","SPLTRTTop",1,4.85,-4.85,"Jan."
"629",2019,"Jan.","SPL","TRT","Bot",5.24,"1/14/2019","SPLTRTBot",1.5,5.12,-5.12,"Jan."
"630",2019,"Jan.","SPL","CTL","Bot",4.83,"1/14/2019","SPLCTLBot",0,4.83,-4.83,"Jan."
"631",2019,"Jan.","SPL","CTL","Top",4.11,"1/14/2019","SPLCTLTop",13.8,2.96,-2.96,"Jan."
"632",2019,"Jan.","WHI","TRT","Top",9.2,"1/16/2019","WHITRTTop",1.5,9.07,-9.07,"Jan."
"633",2019,"Jan.","WHI","TRT","Bot",14.28,"1/16/2019","WHITRTBot",1.5,14.15,-14.15,"Jan."
"634",2019,"Jan.","WHI","CTL","Bot",7.47,"1/16/2019","WHICTLBot",2,7.3,-7.3,"Jan."
"635",2019,"Jan.","WOR","TRT","Top",5.72,"1/16/2019","WORTRTTop",0,5.72,-5.72,"Jan."
"636",2019,"Jan.","WOR","TRT","Bot",5.29,"1/16/2019","WORTRTBot",2,5.12,-5.12,"Jan."
"637",2019,"Jan.","WOR","CTL","Bot",2.95,"1/16/2019","WORCTLBot",1.5,2.83,-2.83,"Jan."
"638",2019,"Feb.","ARM","TRT","Top",4.81,"2/22/2019","ARMTRTTop",2.5,4.6,-4.6,"Feb."
"639",2019,"Feb.","ARM","TRT","Bot",5.19,"2/22/2019","ARMTRTBot",4,4.86,-4.86,"Feb."
"640",2019,"Feb.","ARM","CTL","Bot",2.93,"2/22/2019","ARMCTLBot",0,2.93,-2.93,"Feb."
"641",2019,"Feb.","MCN","CTL","Bot",NA,"","MCNCTLBot",1,NA,NA,"Feb."
"642",2019,"Feb.","MCN","TRT","Bot",NA,"","MCNTRTBot",1.5,NA,NA,"Feb."
"643",2019,"Feb.","RHO","TRT","Top",3.05,"2/19/2019","RHOTRTTop",5,2.63,-2.63,"Feb."
"644",2019,"Feb.","RHO","TRT","Bot",NA,"","RHOTRTBot",0,NA,NA,"Feb."
"645",2019,"Feb.","RHO","CTL","Bot",NA,"","RHOCTLBot",2,NA,NA,"Feb."
"646",2019,"Feb.","SPL","TRT","Top",NA,"","SPLTRTTop",1,NA,NA,"Feb."
"647",2019,"Feb.","SPL","TRT","Bot",NA,"","SPLTRTBot",1.5,NA,NA,"Feb."
"648",2019,"Feb.","SPL","CTL","Bot",NA,"","SPLCTLBot",0,NA,NA,"Feb."
"649",2019,"Feb.","SPL","CTL","Top",NA,"","SPLCTLTop",13.8,NA,NA,"Feb."
"650",2019,"Feb.","WHI","TRT","Top",NA,"","WHITRTTop",1.5,NA,NA,"Feb."
"651",2019,"Feb.","WHI","TRT","Bot",NA,"","WHITRTBot",1.5,NA,NA,"Feb."
"652",2019,"Feb.","WHI","CTL","Bot",NA,"","WHICTLBot",2,NA,NA,"Feb."
"653",2019,"Feb.","WOR","TRT","Top",NA,"","WORTRTTop",0,NA,NA,"Feb."
"654",2019,"Feb.","WOR","TRT","Bot",NA,"","WORTRTBot",2,NA,NA,"Feb."
"655",2019,"Feb.","WOR","CTL","Bot",NA,"","WORCTLBot",1.5,NA,NA,"Feb."
"656",2019,"Mar.","ARM","TRT","Top",3.13,"3/18/2019","ARMTRTTop",2.5,2.92,-2.92,"Mar."
"657",2019,"Mar.","ARM","TRT","Bot",3.58,"3/18/2019","ARMTRTBot",4,3.25,-3.25,"Mar."
"658",2019,"Mar.","ARM","CTL","Bot",0.87,"3/18/2019","ARMCTLBot",0,0.87,-0.87,"Mar."
"659",2019,"Mar.","MCN","CTL","Bot",0,"3/20/2019","MCNCTLBot",1,-0.08,0.08,"Mar."
"660",2019,"Mar.","MCN","TRT","Bot",0.39,"3/20/2019","MCNTRTBot",1.5,0.26,-0.26,"Mar."
"661",2019,"Mar.","RHO","TRT","Top",2.5,"3/20/2019","RHOTRTTop",5,2.08,-2.08,"Mar."
"662",2019,"Mar.","RHO","TRT","Bot",1.78,"3/20/2019","RHOTRTBot",0,1.78,-1.78,"Mar."
"663",2019,"Mar.","RHO","CTL","Bot",NA,"3/20/2019","RHOCTLBot",2,NA,NA,"Mar."
"664",2019,"Mar.","SPL","TRT","Top",2.92,"3/19/2019","SPLTRTTop",1,2.84,-2.84,"Mar."
"665",2019,"Mar.","SPL","TRT","Bot",NA,"3/19/2019","SPLTRTBot",1.5,NA,NA,"Mar."
"666",2019,"Mar.","SPL","CTL","Bot",NA,"3/19/2019","SPLCTLBot",0,NA,NA,"Mar."
"667",2019,"Mar.","SPL","CTL","Top",4.31,"3/19/2019","SPLCTLTop",13.8,3.16,-3.16,"Mar."
"668",2019,"Mar.","WHI","TRT","Top",8.67,"3/18/2019","WHITRTTop",1.5,8.54,-8.54,"Mar."
"669",2019,"Mar.","WHI","TRT","Bot",12.48,"3/18/2019","WHITRTBot",1.5,12.36,-12.36,"Mar."
"670",2019,"Mar.","WHI","CTL","Bot",3.93,"3/18/2019","WHICTLBot",2,3.76,-3.76,"Mar."
"671",2019,"Mar.","WOR","TRT","Top",5.08,"3/20/2019","WORTRTTop",0,5.08,-5.08,"Mar."
"672",2019,"Mar.","WOR","TRT","Bot",4.75,"3/20/2019","WORTRTBot",2,4.58,-4.58,"Mar."
"673",2019,"Mar.","WOR","CTL","Bot",2.88,"3/20/2019","WORCTLBot",1.5,2.75,-2.75,"Mar."
"674",2019,"Mar.","GUT","TRT","Top",2.61,"3/21/2019","GUTTRTTop",0,2.61,-2.61,"Mar."
"675",2019,"Mar.","GUT","TRT","Bot",2.81,"3/21/2019","GUTTRTBot",2,2.64,-2.64,"Mar."
"676",2019,"Apr.","ARM","TRT","Top",4.24,"4/5/2019","ARMTRTTop",2.5,4.03,-4.03,"Apr."
"677",2019,"Apr.","ARM","TRT","Bot",4.75,"4/5/2019","ARMTRTBot",4,4.42,-4.42,"Apr."
"678",2019,"Apr.","ARM","CTL","Bot",2.02,"4/5/2019","ARMCTLBot",0,2.02,-2.02,"Apr."
"679",2019,"Apr.","MCN","CTL","Bot",0.43,"4/4/2019","MCNCTLBot",1,0.35,-0.35,"Apr."
"680",2019,"Apr.","MCN","TRT","Bot",0.72,"4/4/2019","MCNTRTBot",1.5,0.6,-0.6,"Apr."
"681",2019,"Apr.","RHO","TRT","Top",2.8,"4/3/2019","RHOTRTTop",5,2.38,-2.38,"Apr."
"682",2019,"Apr.","RHO","TRT","Bot",2.02,"4/3/2019","RHOTRTBot",0,2.02,-2.02,"Apr."
"683",2019,"Apr.","RHO","CTL","Bot",1.27,"4/3/2019","RHOCTLBot",2,1.1,-1.1,"Apr."
"684",2019,"Apr.","SPL","TRT","Top",4.13,"4/8/2019","SPLTRTTop",1,4.05,-4.05,"Apr."
"685",2019,"Apr.","SPL","TRT","Bot",4.88,"4/8/2019","SPLTRTBot",1.5,4.75,-4.75,"Apr."
"686",2019,"Apr.","SPL","CTL","Bot",4.61,"4/8/2019","SPLCTLBot",0,4.61,-4.61,"Apr."
"687",2019,"Apr.","SPL","CTL","Top",3.5,"4/8/2019","SPLCTLTop",13.8,2.35,-2.35,"Apr."
"688",2019,"Apr.","WHI","TRT","Top",10.22,"4/5/2019","WHITRTTop",1.5,10.1,-10.1,"Apr."
"689",2019,"Apr.","WHI","TRT","Bot",14.75,"4/5/2019","WHITRTBot",1.5,14.62,-14.62,"Apr."
"690",2019,"Apr.","WHI","CTL","Bot",7.7,"4/5/2019","WHICTLBot",2,7.53,-7.53,"Apr."
"691",2019,"Apr.","WOR","TRT","Top",5.7,"4/4/2019","WORTRTTop",0,5.7,-5.7,"Apr."
"692",2019,"Apr.","WOR","TRT","Bot",4.98,"4/4/2019","WORTRTBot",2,4.81,-4.81,"Apr."
"693",2019,"Apr.","WOR","CTL","Bot",2.89,"4/4/2019","WORCTLBot",1.5,2.77,-2.77,"Apr."
"694",2019,"May","ARM","TRT","Top",5.23,"5/6/2019","ARMTRTTop",2.5,5.02,-5.02,"May"
"695",2019,"May","ARM","TRT","Bot",5.53,"5/6/2019","ARMTRTBot",4,5.2,-5.2,"May"
"696",2019,"May","ARM","CTL","Bot",8.14,"5/6/2019","ARMCTLBot",0,8.14,-8.14,"May"
"697",2019,"May","MCN","CTL","Bot",0,"5/8/2019","MCNCTLBot",1,-0.08,0.08,"May"
"698",2019,"May","MCN","TRT","Bot",0,"5/8/2019","MCNTRTBot",1.5,-0.12,0.12,"May"
"699",2019,"May","RHO","TRT","Top",2.59,"5/10/2019","RHOTRTTop",5,2.17,-2.17,"May"
"700",2019,"May","RHO","TRT","Bot",1.88,"5/10/2019","RHOTRTBot",0,1.88,-1.88,"May"
"701",2019,"May","RHO","CTL","Bot",0.84,"5/10/2019","RHOCTLBot",2,0.67,-0.67,"May"
"702",2019,"May","SPL","TRT","Top",4.3,"5/7/2019","SPLTRTTop",1,4.22,-4.22,"May"
"703",2019,"May","SPL","TRT","Bot",4.74,"5/7/2019","SPLTRTBot",1.5,4.62,-4.62,"May"
"704",2019,"May","SPL","CTL","Bot",4.61,"5/7/2019","SPLCTLBot",0,4.61,-4.61,"May"
"705",2019,"May","SPL","CTL","Top",3.07,"5/7/2019","SPLCTLTop",13.8,1.92,-1.92,"May"
"706",2019,"May","WHI","TRT","Top",12.25,"5/6/2019","WHITRTTop",1.5,12.12,-12.12,"May"
"707",2019,"May","WHI","TRT","Bot",14.76,"5/6/2019","WHITRTBot",1.5,14.63,-14.63,"May"
"708",2019,"May","WHI","CTL","Bot",8.88,"5/6/2019","WHICTLBot",2,8.71,-8.71,"May"
"709",2019,"May","WOR","TRT","Top",5.39,"5/9/2019","WORTRTTop",0,5.39,-5.39,"May"
"710",2019,"May","WOR","TRT","Bot",5,"5/9/2019","WORTRTBot",2,4.83,-4.83,"May"
"711",2019,"May","WOR","CTL","Bot",2.61,"5/9/2019","WORCTLBot",1.5,2.48,-2.48,"May"
"712",2019,"June","ARM","TRT","Top",3.78,"6/6/2019","ARMTRTTop",2.5,3.57,-3.57,"June"
"713",2019,"June","ARM","TRT","Bot",4.34,"6/6/2019","ARMTRTBot",4,4.01,-4.01,"June"
"714",2019,"June","ARM","CTL","Bot",1.82,"6/6/2019","ARMCTLBot",0,1.82,-1.82,"June"
"715",2019,"June","MCN","CTL","Bot",0.63,"6/4/2019","MCNCTLBot",1,0.55,-0.55,"June"
"716",2019,"June","MCN","TRT","Bot",1.15,"6/4/2019","MCNTRTBot",1.5,1.02,-1.02,"June"
"717",2019,"June","RHO","TRT","Top",NA,"6/5/2019","RHOTRTTop",5,NA,NA,"June"
"718",2019,"June","RHO","TRT","Bot",0.74,"6/5/2019","RHOTRTBot",0,0.74,-0.74,"June"
"719",2019,"June","RHO","CTL","Bot",0.69,"6/5/2019","RHOCTLBot",2,0.52,-0.52,"June"
"720",2019,"June","SPL","TRT","Top",4.68,"6/11/2019","SPLTRTTop",1,4.6,-4.6,"June"
"721",2019,"June","SPL","TRT","Bot",4.89,"6/11/2019","SPLTRTBot",1.5,4.76,-4.76,"June"
"722",2019,"June","SPL","CTL","Bot",4.75,"6/11/2019","SPLCTLBot",0,4.75,-4.75,"June"
"723",2019,"June","SPL","CTL","Top",3.06,"6/11/2019","SPLCTLTop",13.8,1.91,-1.91,"June"
"724",2019,"June","WHI","TRT","Top",5.7,"6/6/2019","WHITRTTop",1.5,5.58,-5.58,"June"
"725",2019,"June","WHI","TRT","Bot",6.06,"6/6/2019","WHITRTBot",1.5,5.93,-5.93,"June"
"726",2019,"June","WHI","CTL","Bot",4.06,"6/6/2019","WHICTLBot",2,3.89,-3.89,"June"
"727",2019,"June","WOR","TRT","Top",4.79,"6/4/2019","WORTRTTop",0,4.79,-4.79,"June"
"728",2019,"June","WOR","TRT","Bot",4.6,"6/4/2019","WORTRTBot",2,4.43,-4.43,"June"
"729",2019,"June","WOR","CTL","Bot",1.84,"6/4/2019","WORCTLBot",1.5,1.72,-1.72,"June"
"730",2019,"June","GUT","TRT","Top",3.25,"6/12/2019","GUTTRTTop",0,3.25,-3.25,"June"
"731",2019,"June","GUT","TRT","Bot",3.37,"6/12/2019","GUTTRTBot",2,3.2,-3.2,"June"
"732",2019,"July","ARM","TRT","Top",4.59,"7/8/2019","ARMTRTTop",2.5,4.38,-4.38,"July"
"733",2019,"July","ARM","TRT","Bot",5.1,"7/8/2019","ARMTRTBot",4,4.77,-4.77,"July"
"734",2019,"July","ARM","CTL","Bot",2.35,"7/8/2019","ARMCTLBot",0,2.35,-2.35,"July"
"735",2019,"July","MCN","CTL","Bot",0.92,"7/1/2019","MCNCTLBot",1,0.84,-0.84,"July"
"736",2019,"July","MCN","TRT","Bot",1.85,"7/1/2019","MCNTRTBot",1.5,1.73,-1.73,"July"
"737",2019,"July","RHO","TRT","Top",2.87,"7/1/2019","RHOTRTTop",5,2.45,-2.45,"July"
"738",2019,"July","RHO","TRT","Bot",2.29,"7/1/2019","RHOTRTBot",0,2.29,-2.29,"July"
"739",2019,"July","RHO","CTL","Bot",1.74,"7/1/2019","RHOCTLBot",2,1.57,-1.57,"July"
"740",2019,"July","SPL","TRT","Top",5.06,"7/2/2019","SPLTRTTop",1,4.98,-4.98,"July"
"741",2019,"July","SPL","TRT","Bot",5.3,"7/2/2019","SPLTRTBot",1.5,5.17,-5.17,"July"
"742",2019,"July","SPL","CTL","Bot",5.23,"7/2/2019","SPLCTLBot",0,5.23,-5.23,"July"
"743",2019,"July","SPL","CTL","Top",3.68,"7/2/2019","SPLCTLTop",13.8,2.53,-2.53,"July"
"744",2019,"July","WHI","TRT","Top",9.51,"7/10/2019","WHITRTTop",1.5,9.38,-9.38,"July"
"745",2019,"July","WHI","TRT","Bot",13.34,"7/10/2019","WHITRTBot",1.5,13.21,-13.21,"July"
"746",2019,"July","WHI","CTL","Bot",8.01,"7/10/2019","WHICTLBot",2,7.84,-7.84,"July"
"747",2019,"July","WOR","TRT","Top",5.05,"7/8/2019","WORTRTTop",0,5.05,-5.05,"July"
"748",2019,"July","WOR","TRT","Bot",4.82,"7/8/2019","WORTRTBot",2,4.65,-4.65,"July"
"749",2019,"July","WOR","CTL","Bot",2.31,"7/8/2019","WORCTLBot",1.5,2.19,-2.19,"July"
"750",2019,"Aug.","ARM","TRT","Top",5.48,"8/5/2019","ARMTRTTop",2.5,5.27,-5.27,"Aug."
"751",2019,"Aug.","ARM","TRT","Bot",5.93,"8/5/2019","ARMTRTBot",4,5.6,-5.6,"Aug."
"752",2019,"Aug.","ARM","CTL","Bot",6.65,"8/5/2019","ARMCTLBot",0,6.65,-6.65,"Aug."
"753",2019,"Aug.","MCN","CTL","Bot",2.96,"8/6/2019","MCNCTLBot",1,2.88,-2.88,"Aug."
"754",2019,"Aug.","MCN","TRT","Bot",4.54,"8/6/2019","MCNTRTBot",1.5,4.42,-4.42,"Aug."
"755",2019,"Aug.","RHO","TRT","Top",3.82,"8/6/2019","RHOTRTTop",5,3.4,-3.4,"Aug."
"756",2019,"Aug.","RHO","TRT","Bot",3.3,"8/6/2019","RHOTRTBot",0,3.3,-3.3,"Aug."
"757",2019,"Aug.","RHO","CTL","Bot",2.86,"8/6/2019","RHOCTLBot",2,2.69,-2.69,"Aug."
"758",2019,"Aug.","SPL","TRT","Top",5.22,"8/8/2019","SPLTRTTop",1,5.14,-5.14,"Aug."
"759",2019,"Aug.","SPL","TRT","Bot",5.54,"8/8/2019","SPLTRTBot",1.5,5.42,-5.42,"Aug."
"760",2019,"Aug.","SPL","CTL","Bot",5.49,"8/8/2019","SPLCTLBot",0,5.49,-5.49,"Aug."
"761",2019,"Aug.","SPL","CTL","Top",4.28,"8/8/2019","SPLCTLTop",13.8,3.13,-3.13,"Aug."
"762",2019,"Aug.","WHI","TRT","Top",13.89,"8/5/2019","WHITRTTop",1.5,13.77,-13.77,"Aug."
"763",2019,"Aug.","WHI","TRT","Bot",14.74,"8/5/2019","WHITRTBot",1.5,14.62,-14.62,"Aug."
"764",2019,"Aug.","WHI","CTL","Bot",10.95,"8/5/2019","WHICTLBot",2,10.78,-10.78,"Aug."
"765",2019,"Aug.","WOR","TRT","Top",6.21,"8/7/2019","WORTRTTop",0,6.21,-6.21,"Aug."
"766",2019,"Aug.","WOR","TRT","Bot",5.37,"8/7/2019","WORTRTBot",2,5.2,-5.2,"Aug."
"767",2019,"Aug.","WOR","CTL","Bot",3.75,"8/7/2019","WORCTLBot",1.5,3.62,-3.62,"Aug."
"768",2019,"Sept.","ARM","TRT","Top",7.18,"9/5/2019","ARMTRTTop",2.5,6.97,-6.97,"Sept."
"769",2019,"Sept.","ARM","TRT","Bot",7.81,"9/5/2019","ARMTRTBot",4,7.48,-7.48,"Sept."
"770",2019,"Sept.","ARM","CTL","Bot",9.01,"9/5/2019","ARMCTLBot",0,9.01,-9.01,"Sept."
"771",2019,"Sept.","MCN","CTL","Bot",2.07,"9/4/2019","MCNCTLBot",1,1.99,-1.99,"Sept."
"772",2019,"Sept.","MCN","TRT","Bot",3.28,"9/4/2019","MCNTRTBot",1.5,3.15,-3.15,"Sept."
"773",2019,"Sept.","RHO","TRT","Top",3.93,"9/4/2019","RHOTRTTop",5,3.51,-3.51,"Sept."
"774",2019,"Sept.","RHO","TRT","Bot",3.31,"9/4/2019","RHOTRTBot",0,3.31,-3.31,"Sept."
"775",2019,"Sept.","RHO","CTL","Bot",3.12,"9/4/2019","RHOCTLBot",2,2.95,-2.95,"Sept."
"776",2019,"Sept.","SPL","TRT","Top",5.91,"9/6/2019","SPLTRTTop",1,5.83,-5.83,"Sept."
"777",2019,"Sept.","SPL","TRT","Bot",6.33,"9/6/2019","SPLTRTBot",1.5,6.21,-6.21,"Sept."
"778",2019,"Sept.","SPL","CTL","Bot",6.23,"9/6/2019","SPLCTLBot",0,6.23,-6.23,"Sept."
"779",2019,"Sept.","SPL","CTL","Top",5.48,"9/6/2019","SPLCTLTop",13.8,4.33,-4.33,"Sept."
"780",2019,"Sept.","WHI","TRT","Top",14.1,"9/12/2019","WHITRTTop",1.5,13.97,-13.97,"Sept."
"781",2019,"Sept.","WHI","TRT","Bot",14.78,"9/12/2019","WHITRTBot",1.5,14.65,-14.65,"Sept."
"782",2019,"Sept.","WHI","CTL","Bot",9.3,"9/12/2019","WHICTLBot",2,9.13,-9.13,"Sept."
"783",2019,"Sept.","WOR","TRT","Top",6.84,"9/4/2019","WORTRTTop",0,6.84,-6.84,"Sept."
"784",2019,"Sept.","WOR","TRT","Bot",6.1,"9/4/2019","WORTRTBot",2,5.93,-5.93,"Sept."
"785",2019,"Sept.","WOR","CTL","Bot",4.56,"9/4/2019","WORCTLBot",1.5,4.43,-4.43,"Sept."
"786",2019,"Sept.","GUT","TRT","Top",4.74,"9/26/2019","GUTTRTTop",0,4.74,-4.74,"Sept."
"787",2019,"Sept.","GUT","TRT","Bot",4.68,"9/26/2019","GUTTRTBot",2,4.51,-4.51,"Sept."
"788",2019,"Oct.","ARM","TRT","Top",3.53,"10/8/2019","ARMTRTTop",2.5,3.32,-3.32,"Oct."
"789",2019,"Oct.","ARM","TRT","Bot",4.51,"10/8/2019","ARMTRTBot",4,4.18,-4.18,"Oct."
"790",2019,"Oct.","ARM","CTL","Bot",1.47,"10/8/2019","ARMCTLBot",0,1.47,-1.47,"Oct."
"791",2019,"Oct.","MCN","CTL","Bot",0,"10/9/2019","MCNCTLBot",1,-0.08,0.08,"Oct."
"792",2019,"Oct.","MCN","TRT","Bot",0.85,"10/9/2019","MCNTRTBot",1.5,0.72,-0.72,"Oct."
"793",2019,"Oct.","RHO","TRT","Top",2.87,"10/9/2019","RHOTRTTop",5,2.45,-2.45,"Oct."
"794",2019,"Oct.","RHO","TRT","Bot",2.08,"10/9/2019","RHOTRTBot",0,2.08,-2.08,"Oct."
"795",2019,"Oct.","RHO","CTL","Bot",1.33,"10/9/2019","RHOCTLBot",2,1.16,-1.16,"Oct."
"796",2019,"Oct.","SPL","TRT","Top",4.28,"10/28/2019","SPLTRTTop",1,4.2,-4.2,"Oct."
"797",2019,"Oct.","SPL","TRT","Bot",4.73,"10/28/2019","SPLTRTBot",1.5,4.61,-4.61,"Oct."
"798",2019,"Oct.","SPL","CTL","Bot",4.1,"10/28/2019","SPLCTLBot",0,4.1,-4.1,"Oct."
"799",2019,"Oct.","SPL","CTL","Top",3.41,"10/28/2019","SPLCTLTop",13.8,2.26,-2.26,"Oct."
"800",2019,"Oct.","WHI","TRT","Top",5.8,"10/8/2019","WHITRTTop",1.5,5.67,-5.67,"Oct."
"801",2019,"Oct.","WHI","TRT","Bot",5.84,"10/8/2019","WHITRTBot",1.5,5.71,-5.71,"Oct."
"802",2019,"Oct.","WHI","CTL","Bot",4.6,"10/8/2019","WHICTLBot",2,4.43,-4.43,"Oct."
"803",2019,"Oct.","WOR","TRT","Top",5.25,"10/8/2019","WORTRTTop",0,5.25,-5.25,"Oct."
"804",2019,"Oct.","WOR","TRT","Bot",4.8,"10/8/2019","WORTRTBot",2,4.63,-4.63,"Oct."
"805",2019,"Oct.","WOR","CTL","Bot",1.97,"10/8/2019","WORCTLBot",1.5,1.84,-1.84,"Oct."
"806",2019,"Nov.","ARM","TRT","Top",4.7,"11/7/2019","ARMTRTTop",2.5,4.49,-4.49,"Nov."
"807",2019,"Nov.","ARM","TRT","Bot",5.38,"11/7/2019","ARMTRTBot",4,5.05,-5.05,"Nov."
"808",2019,"Nov.","ARM","CTL","Bot",2.51,"11/7/2019","ARMCTLBot",0,2.51,-2.51,"Nov."
"809",2019,"Nov.","MCN","CTL","Bot",0,"11/6/2019","MCNCTLBot",1,-0.08,0.08,"Nov."
"810",2019,"Nov.","MCN","TRT","Bot",0.92,"11/6/2019","MCNTRTBot",1.5,0.8,-0.8,"Nov."
"811",2019,"Nov.","RHO","TRT","Top",2.84,"11/6/2019","RHOTRTTop",5,2.42,-2.42,"Nov."
"812",2019,"Nov.","RHO","TRT","Bot",1.99,"11/6/2019","RHOTRTBot",0,1.99,-1.99,"Nov."
"813",2019,"Nov.","RHO","CTL","Bot",1.02,"11/6/2019","RHOCTLBot",2,0.85,-0.85,"Nov."
"814",2019,"Nov.","SPL","TRT","Top",4.98,"11/15/2019","SPLTRTTop",1,4.9,-4.9,"Nov."
"815",2019,"Nov.","SPL","TRT","Bot",4.95,"11/15/2019","SPLTRTBot",1.5,4.83,-4.83,"Nov."
"816",2019,"Nov.","SPL","CTL","Bot",4.88,"11/15/2019","SPLCTLBot",0,4.88,-4.88,"Nov."
"817",2019,"Nov.","SPL","CTL","Top",4.08,"11/15/2019","SPLCTLTop",13.8,2.93,-2.93,"Nov."
"818",2019,"Nov.","WHI","TRT","Top",10.4,"11/7/2019","WHITRTTop",1.5,10.28,-10.28,"Nov."
"819",2019,"Nov.","WHI","TRT","Bot",14.76,"11/7/2019","WHITRTBot",1.5,14.63,-14.63,"Nov."
"820",2019,"Nov.","WHI","CTL","Bot",9.31,"11/7/2019","WHICTLBot",2,9.14,-9.14,"Nov."
"821",2019,"Nov.","WOR","TRT","Top",5.38,"11/7/2019","WORTRTTop",0,5.38,-5.38,"Nov."
"822",2019,"Nov.","WOR","TRT","Bot",5.1,"11/7/2019","WORTRTBot",2,4.93,-4.93,"Nov."
"823",2019,"Nov.","WOR","CTL","Bot",2.4,"11/7/2019","WORCTLBot",1.5,2.27,-2.27,"Nov."
"824",2019,"Dec.","ARM","TRT","Top",5.2,"12/6/2019","ARMTRTTop",2.5,4.99,-4.99,"Dec."
"825",2019,"Dec.","ARM","TRT","Bot",NA,"12/6/2019","ARMTRTBot",4,NA,NA,"Dec."
"826",2019,"Dec.","ARM","CTL","Bot",2.82,"12/6/2019","ARMCTLBot",0,2.82,-2.82,"Dec."
"827",2019,"Dec.","MCN","CTL","Bot",0,"12/4/2019","MCNCTLBot",1,-0.08,0.08,"Dec."
"828",2019,"Dec.","MCN","TRT","Bot",0.58,"12/4/2019","MCNTRTBot",1.5,0.45,-0.45,"Dec."
"829",2019,"Dec.","RHO","TRT","Top",2.64,"12/3/2019","RHOTRTTop",5,2.22,-2.22,"Dec."
"830",2019,"Dec.","RHO","TRT","Bot",1.94,"12/3/2019","RHOTRTBot",0,1.94,-1.94,"Dec."
"831",2019,"Dec.","RHO","CTL","Bot",0.68,"12/3/2019","RHOCTLBot",2,0.51,-0.51,"Dec."
"832",2019,"Dec.","SPL","TRT","Top",4.78,"12/13/2019","SPLTRTTop",1,4.7,-4.7,"Dec."
"833",2019,"Dec.","SPL","TRT","Bot",5.09,"12/13/2019","SPLTRTBot",1.5,4.96,-4.96,"Dec."
"834",2019,"Dec.","SPL","CTL","Bot",4.96,"12/13/2019","SPLCTLBot",0,4.96,-4.96,"Dec."
"835",2019,"Dec.","SPL","CTL","Top",4,"12/13/2019","SPLCTLTop",13.8,2.85,-2.85,"Dec."
"836",2019,"Dec.","WHI","TRT","Top",8.64,"12/5/2019","WHITRTTop",1.5,8.52,-8.52,"Dec."
"837",2019,"Dec.","WHI","TRT","Bot",14.77,"12/5/2019","WHITRTBot",1.5,14.64,-14.64,"Dec."
"838",2019,"Dec.","WHI","CTL","Bot",7.4,"12/5/2019","WHICTLBot",2,7.23,-7.23,"Dec."
"839",2019,"Dec.","WOR","TRT","Top",5.2,"12/3/2019","WORTRTTop",0,5.2,-5.2,"Dec."
"840",2019,"Dec.","WOR","TRT","Bot",4.94,"12/3/2019","WORTRTBot",2,4.77,-4.77,"Dec."
"841",2019,"Dec.","WOR","CTL","Bot",2.06,"12/3/2019","WORCTLBot",1.5,1.94,-1.94,"Dec."
"842",2019,"Dec.","GUT","TRT","Top",3.72,"12/5/2019","GUTTRTTop",0,3.72,-3.72,"Dec."
"843",2019,"Dec.","GUT","TRT","Bot",3.59,"12/5/2019","GUTTRTBot",2,3.42,-3.42,"Dec."
"844",2020,"Jan.","ARM","TRT","Top",6.39,"1/3/2020","ARMTRTTop",2.5,6.18,-6.18,"Jan."
"845",2020,"Jan.","ARM","TRT","Bot",6.91,"1/3/2020","ARMTRTBot",4,6.58,-6.58,"Jan."
"846",2020,"Jan.","ARM","CTL","Bot",7.85,"1/3/2020","ARMCTLBot",0,7.85,-7.85,"Jan."
"847",2020,"Jan.","MCN","CTL","Bot",0.26,"1/7/2020","MCNCTLBot",1,0.18,-0.18,"Jan."
"848",2020,"Jan.","MCN","TRT","Bot",0.9,"1/7/2020","MCNTRTBot",1.5,0.78,-0.78,"Jan."
"849",2020,"Jan.","RHO","TRT","Top",2.82,"1/7/2020","RHOTRTTop",5,2.4,-2.4,"Jan."
"850",2020,"Jan.","RHO","TRT","Bot",2.11,"1/7/2020","RHOTRTBot",0,2.11,-2.11,"Jan."
"851",2020,"Jan.","RHO","CTL","Bot",0.98,"1/7/2020","RHOCTLBot",2,0.81,-0.81,"Jan."
"852",2020,"Jan.","SPL","CTL","Top",3.53,"1/2/2020","SPLCTLTop",13.8,2.38,-2.38,"Jan."
"853",2020,"Jan.","SPL","CTL","Bot",4.62,"1/2/2020","SPLCTLBot",0,4.62,-4.62,"Jan."
"854",2020,"Jan.","SPL","TRT","Top",4.3,"1/2/2020","SPLTRTTop",1,4.22,-4.22,"Jan."
"855",2020,"Jan.","SPL","TRT","Bot",4.76,"1/2/2020","SPLTRTBot",1.5,4.63,-4.63,"Jan."
"856",2020,"Jan.","WHI","TRT","Top",9.75,"1/8/2020","WHITRTTop",1.5,9.62,-9.62,"Jan."
"857",2020,"Jan.","WHI","TRT","Bot",14.76,"1/8/2020","WHITRTBot",1.5,14.63,-14.63,"Jan."
"858",2020,"Jan.","WHI","CTL","Bot",8.32,"1/8/2020","WHICTLBot",2,8.15,-8.15,"Jan."
"859",2020,"Jan.","WOR","TRT","Bot",5.13,"1/8/2020","WORTRTBot",2,4.96,-4.96,"Jan."
"860",2020,"Jan.","WOR","TRT","Top",5.59,"1/8/2020","WORTRTTop",0,5.59,-5.59,"Jan."
"861",2020,"Jan.","WOR","CTL","Bot",2.75,"1/8/2020","WORCTLBot",1.5,2.62,-2.62,"Jan."
"862",2020,"Feb.","ARM","TRT","Top",7.41,"2/6/2020","ARMTRTTop",2.5,7.2,-7.2,"Feb."
"863",2020,"Feb.","ARM","TRT","Bot",7.97,"2/6/2020","ARMTRTBot",4,7.64,-7.64,"Feb."
"864",2020,"Feb.","ARM","CTL","Bot",9.43,"2/6/2020","ARMCTLBot",0,9.43,-9.43,"Feb."
"865",2020,"Feb.","MCN","CTL","Bot",0,"2/7/2020","MCNCTLBot",1,-0.08,0.08,"Feb."
"866",2020,"Feb.","MCN","TRT","Bot",0.76,"2/7/2020","MCNTRTBot",1.5,0.64,-0.64,"Feb."
"867",2020,"Feb.","RHO","TRT","Top",2.91,"2/11/2020","RHOTRTTop",5,2.49,-2.49,"Feb."
"868",2020,"Feb.","RHO","TRT","Bot",2.24,"2/11/2020","RHOTRTBot",0,2.24,-2.24,"Feb."
"869",2020,"Feb.","RHO","CTL","Bot",1.34,"2/11/2020","RHOCTLBot",2,1.17,-1.17,"Feb."
"870",2020,"Feb.","SPL","CTL","Top",4.74,"2/21/2020","SPLCTLTop",13.8,3.59,-3.59,"Feb."
"871",2020,"Feb.","SPL","CTL","Bot",NA,"2/21/2020","SPLCTLBot",0,NA,NA,"Feb."
"872",2020,"Feb.","SPL","TRT","Top",5.22,"2/21/2020","SPLTRTTop",1,5.14,-5.14,"Feb."
"873",2020,"Feb.","SPL","TRT","Bot",5.09,"2/21/2020","SPLTRTBot",1.5,4.96,-4.96,"Feb."
"874",2020,"Feb.","WHI","TRT","Top",9.07,"2/12/2020","WHITRTTop",1.5,8.95,-8.95,"Feb."
"875",2020,"Feb.","WHI","TRT","Bot",14.75,"2/12/2020","WHITRTBot",1.5,14.62,-14.62,"Feb."
"876",2020,"Feb.","WHI","CTL","Bot",8.47,"2/12/2020","WHICTLBot",2,8.3,-8.3,"Feb."
"877",2020,"Feb.","WOR","TRT","Bot",5.35,"2/11/2020","WORTRTBot",2,5.18,-5.18,"Feb."
"878",2020,"Feb.","WOR","TRT","Top",5.77,"2/11/2020","WORTRTTop",0,5.77,-5.77,"Feb."
"879",2020,"Feb.","WOR","CTL","Bot",2.86,"2/11/2020","WORCTLBot",1.5,2.73,-2.73,"Feb."
"880",2020,"Mar.","ARM","TRT","Top",7.52,"3/2/2020","ARMTRTTop",2.5,7.31,-7.31,"Mar."
"881",2020,"Mar.","ARM","TRT","Bot",8.15,"3/2/2020","ARMTRTBot",4,7.82,-7.82,"Mar."
"882",2020,"Mar.","ARM","CTL","Bot",10.83,"3/2/2020","ARMCTLBot",0,10.83,-10.83,"Mar."
"883",2020,"Mar.","MCN","CTL","Bot",0,"3/3/2020","MCNCTLBot",1,-0.08,0.08,"Mar."
"884",2020,"Mar.","MCN","TRT","Bot",0.53,"3/3/2020","MCNTRTBot",1.5,0.4,-0.4,"Mar."
"885",2020,"Mar.","RHO","TRT","Top",2.79,"3/6/2020","RHOTRTTop",5,2.37,-2.37,"Mar."
"886",2020,"Mar.","RHO","TRT","Bot",2.02,"3/6/2020","RHOTRTBot",0,2.02,-2.02,"Mar."
"887",2020,"Mar.","RHO","CTL","Bot",0.9,"3/6/2020","RHOCTLBot",2,0.73,-0.73,"Mar."
"888",2020,"Mar.","SPL","CTL","Top",3.06,"3/13/2020","SPLCTLTop",13.8,1.91,-1.91,"Mar."
"889",2020,"Mar.","SPL","CTL","Bot",3.21,"3/13/2020","SPLCTLBot",0,3.21,-3.21,"Mar."
"890",2020,"Mar.","SPL","TRT","Top",3.38,"3/13/2020","SPLTRTTop",1,3.3,-3.3,"Mar."
"891",2020,"Mar.","SPL","TRT","Bot",4.65,"3/13/2020","SPLTRTBot",1.5,4.53,-4.53,"Mar."
"892",2020,"Mar.","WHI","TRT","Top",10.2,"3/5/2020","WHITRTTop",1.5,10.07,-10.07,"Mar."
"893",2020,"Mar.","WHI","TRT","Bot",14.77,"3/5/2020","WHITRTBot",1.5,14.64,-14.64,"Mar."
"894",2020,"Mar.","WHI","CTL","Bot",10.86,"3/5/2020","WHICTLBot",2,10.69,-10.69,"Mar."
"895",2020,"Mar.","WOR","TRT","Bot",5.3,"3/4/2020","WORTRTBot",2,5.13,-5.13,"Mar."
"896",2020,"Mar.","WOR","TRT","Top",5.86,"3/4/2020","WORTRTTop",0,5.86,-5.86,"Mar."
"897",2020,"Mar.","WOR","CTL","Bot",3.21,"3/4/2020","WORCTLBot",1.5,3.08,-3.08,"Mar."
"898",2020,"Mar.","GUT","TRT","Top",4.13,"3/4/2020","GUTTRTTop",0,4.13,-4.13,"Mar."
"899",2020,"Mar.","GUT","TRT","Bot",4.22,"3/4/2020","GUTTRTBot",2,4.05,-4.05,"Mar."
"900",2020,"Apr.","ARM","TRT","Top",4.72,"4/2/2020","ARMTRTTop",2.5,4.51,-4.51,"Apr."
"901",2020,"Apr.","ARM","TRT","Bot",5.58,"4/2/2020","ARMTRTBot",4,5.25,-5.25,"Apr."
"902",2020,"Apr.","ARM","CTL","Bot",4.58,"4/2/2020","ARMCTLBot",0,4.58,-4.58,"Apr."
"903",2020,"Apr.","MCN","CTL","Bot",0.36,"4/1/2020","MCNCTLBot",1,0.28,-0.28,"Apr."
"904",2020,"Apr.","MCN","TRT","Bot",0.88,"4/1/2020","MCNTRTBot",1.5,0.76,-0.76,"Apr."
"905",2020,"Apr.","RHO","TRT","Top",2.78,"4/1/2020","RHOTRTTop",5,2.36,-2.36,"Apr."
"906",2020,"Apr.","RHO","TRT","Bot",2.09,"4/1/2020","RHOTRTBot",0,2.09,-2.09,"Apr."
"907",2020,"Apr.","RHO","CTL","Bot",1.2,"4/1/2020","RHOCTLBot",2,1.03,-1.03,"Apr."
"908",2020,"Apr.","SPL","CTL","Top",3.13,"4/7/2020","SPLCTLTop",13.8,1.98,-1.98,"Apr."
"909",2020,"Apr.","SPL","CTL","Bot",4.58,"4/7/2020","SPLCTLBot",0,4.58,-4.58,"Apr."
"910",2020,"Apr.","SPL","TRT","Top",4.4,"4/7/2020","SPLTRTTop",1,4.32,-4.32,"Apr."
"911",2020,"Apr.","SPL","TRT","Bot",4.75,"4/7/2020","SPLTRTBot",1.5,4.62,-4.62,"Apr."
"912",2020,"Apr.","WHI","TRT","Top",8.09,"4/2/2020","WHITRTTop",1.5,7.96,-7.96,"Apr."
"913",2020,"Apr.","WHI","TRT","Bot",14.35,"4/2/2020","WHITRTBot",1.5,14.22,-14.22,"Apr."
"914",2020,"Apr.","WHI","CTL","Bot",5.85,"4/2/2020","WHICTLBot",2,5.68,-5.68,"Apr."
"915",2020,"Apr.","WOR","TRT","Bot",5.05,"4/2/2020","WORTRTBot",2,4.88,-4.88,"Apr."
"916",2020,"Apr.","WOR","TRT","Top",5.27,"4/2/2020","WORTRTTop",0,5.27,-5.27,"Apr."
"917",2020,"Apr.","WOR","CTL","Bot",2.36,"4/2/2020","WORCTLBot",1.5,2.23,-2.23,"Apr."
"918",2020,"May","ARM","TRT","Top",5.7,"5/6/2020","ARMTRTTop",2.5,5.49,-5.49,"May"
"919",2020,"May","ARM","TRT","Bot",6.58,"5/6/2020","ARMTRTBot",4,6.25,-6.25,"May"
"920",2020,"May","ARM","CTL","Bot",8.86,"5/6/2020","ARMCTLBot",0,8.86,-8.86,"May"
"921",2020,"May","MCN","CTL","Bot",0.94,"5/5/2020","MCNCTLBot",1,0.86,-0.86,"May"
"922",2020,"May","MCN","TRT","Bot",1.61,"5/5/2020","MCNTRTBot",1.5,1.49,-1.49,"May"
"923",2020,"May","RHO","TRT","Top",2.9,"5/5/2020","RHOTRTTop",5,2.48,-2.48,"May"
"924",2020,"May","RHO","TRT","Bot",2.36,"5/5/2020","RHOTRTBot",0,2.36,-2.36,"May"
"925",2020,"May","RHO","CTL","Bot",1.43,"5/5/2020","RHOCTLBot",2,1.26,-1.26,"May"
"926",2020,"May","SPL","CTL","Top",3.77,"5/7/2020","SPLCTLTop",13.8,2.62,-2.62,"May"
"927",2020,"May","SPL","CTL","Bot",5.22,"5/7/2020","SPLCTLBot",0,5.22,-5.22,"May"
"928",2020,"May","SPL","TRT","Top",5.05,"5/7/2020","SPLTRTTop",1,4.97,-4.97,"May"
"929",2020,"May","SPL","TRT","Bot",5.31,"5/7/2020","SPLTRTBot",1.5,5.18,-5.18,"May"
"930",2020,"May","WHI","TRT","Top",11.76,"5/14/2020","WHITRTTop",1.5,11.63,-11.63,"May"
"931",2020,"May","WHI","TRT","Bot",14.77,"5/14/2020","WHITRTBot",1.5,14.64,-14.64,"May"
"932",2020,"May","WHI","CTL","Bot",11.65,"5/14/2020","WHICTLBot",2,11.48,-11.48,"May"
"933",2020,"May","WOR","TRT","Bot",5.24,"5/14/2020","WORTRTBot",2,5.07,-5.07,"May"
"934",2020,"May","WOR","TRT","Top",5.67,"5/14/2020","WORTRTTop",0,5.67,-5.67,"May"
"935",2020,"May","WOR","CTL","Bot",3.02,"5/14/2020","WORCTLBot",1.5,2.9,-2.9,"May"
"936",2020,"June","ARM","TRT","Top",4.48,"6/8/2020","ARMTRTTop",2.5,4.27,-4.27,"June"
"937",2020,"June","ARM","TRT","Bot",5.26,"6/8/2020","ARMTRTBot",4,4.93,-4.93,"June"
"938",2020,"June","ARM","CTL","Bot",2.72,"6/8/2020","ARMCTLBot",0,2.72,-2.72,"June"
"939",2020,"June","MCN","CTL","Bot",0.61,"6/5/2020","MCNCTLBot",1,0.53,-0.53,"June"
"940",2020,"June","MCN","TRT","Bot",1.57,"6/5/2020","MCNTRTBot",1.5,1.45,-1.45,"June"
"941",2020,"June","RHO","TRT","Top",2.42,"6/3/2020","RHOTRTTop",5,2,-2,"June"
"942",2020,"June","RHO","TRT","Bot",1.65,"6/3/2020","RHOTRTBot",0,1.65,-1.65,"June"
"943",2020,"June","RHO","CTL","Bot",0.73,"6/3/2020","RHOCTLBot",2,0.56,-0.56,"June"
"944",2020,"June","SPL","CTL","Top",3.07,"6/1/2020","SPLCTLTop",13.8,1.92,-1.92,"June"
"945",2020,"June","SPL","CTL","Bot",4.55,"6/1/2020","SPLCTLBot",0,4.55,-4.55,"June"
"946",2020,"June","SPL","TRT","Top",4.39,"6/1/2020","SPLTRTTop",1,4.31,-4.31,"June"
"947",2020,"June","SPL","TRT","Bot",4.8,"6/1/2020","SPLTRTBot",1.5,4.67,-4.67,"June"
"948",2020,"June","WHI","TRT","Top",12.83,"6/8/2020","WHITRTTop",1.5,12.7,-12.7,"June"
"949",2020,"June","WHI","TRT","Bot",14.78,"6/8/2020","WHITRTBot",1.5,14.65,-14.65,"June"
"950",2020,"June","WHI","CTL","Bot",7.7,"6/8/2020","WHICTLBot",2,7.53,-7.53,"June"
"951",2020,"June","WOR","TRT","Bot",5.01,"6/3/2020","WORTRTBot",2,4.84,-4.84,"June"
"952",2020,"June","WOR","TRT","Top",4.93,"6/3/2020","WORTRTTop",0,4.93,-4.93,"June"
"953",2020,"June","WOR","CTL","Bot",2.1,"6/3/2020","WORCTLBot",1.5,1.98,-1.98,"June"
"954",2020,"June","GUT","TRT","Top",3.8,"6/15/2020","GUTTRTTop",0,3.8,-3.8,"June"
"955",2020,"June","GUT","TRT","Bot",3.84,"6/15/2020","GUTTRTBot",2,3.67,-3.67,"June"
"956",2020,"July","ARM","TRT","Top",5.32,"7/1/2020","ARMTRTTop",2.5,5.11,-5.11,"July"
"957",2020,"July","ARM","TRT","Bot",5.97,"7/1/2020","ARMTRTBot",4,5.64,-5.64,"July"
"958",2020,"July","ARM","CTL","Bot",4.46,"7/1/2020","ARMCTLBot",0,4.46,-4.46,"July"
"959",2020,"July","MCN","CTL","Bot",1.92,"7/2/2020","MCNCTLBot",1,1.84,-1.84,"July"
"960",2020,"July","MCN","TRT","Bot",3.06,"7/2/2020","MCNTRTBot",1.5,2.94,-2.94,"July"
"961",2020,"July","RHO","TRT","Top",3.25,"7/7/2020","RHOTRTTop",5,2.83,-2.83,"July"
"962",2020,"July","RHO","TRT","Bot",2.68,"7/7/2020","RHOTRTBot",0,2.68,-2.68,"July"
"963",2020,"July","RHO","CTL","Bot",2.22,"7/7/2020","RHOCTLBot",2,2.05,-2.05,"July"
"964",2020,"July","SPL","CTL","Top",4.19,"7/8/2020","SPLCTLTop",13.8,3.04,-3.04,"July"
"965",2020,"July","SPL","CTL","Bot",5.38,"7/8/2020","SPLCTLBot",0,5.38,-5.38,"July"
"966",2020,"July","SPL","TRT","Top",5.25,"7/8/2020","SPLTRTTop",1,5.17,-5.17,"July"
"967",2020,"July","SPL","TRT","Bot",5.43,"7/8/2020","SPLTRTBot",1.5,5.3,-5.3,"July"
"968",2020,"July","WHI","TRT","Top",14.75,"7/1/2020","WHITRTTop",1.5,14.62,-14.62,"July"
"969",2020,"July","WHI","TRT","Bot",14.78,"7/1/2020","WHITRTBot",1.5,14.65,-14.65,"July"
"970",2020,"July","WHI","CTL","Bot",10.28,"7/1/2020","WHICTLBot",2,10.11,-10.11,"July"
"971",2020,"July","WOR","TRT","Bot",5.36,"7/2/2020","WORTRTBot",2,5.19,-5.19,"July"
"972",2020,"July","WOR","TRT","Top",5.8,"7/2/2020","WORTRTTop",0,5.8,-5.8,"July"
"973",2020,"July","WOR","CTL","Bot",3.35,"7/2/2020","WORCTLBot",1.5,3.23,-3.23,"July"
"974",2020,"Aug.","ARM","TRT","Top",7.16,"8/3/2020","ARMTRTTop",2.5,6.95,-6.95,"Aug."
"975",2020,"Aug.","ARM","TRT","Bot",7.91,"8/3/2020","ARMTRTBot",4,7.58,-7.58,"Aug."
"976",2020,"Aug.","ARM","CTL","Bot",10.52,"8/3/2020","ARMCTLBot",0,10.52,-10.52,"Aug."
"977",2020,"Aug.","MCN","CTL","Bot",3.56,"8/5/2020","MCNCTLBot",1,3.48,-3.48,"Aug."
"978",2020,"Aug.","MCN","TRT","Bot",6,"8/5/2020","MCNTRTBot",1.5,5.88,-5.88,"Aug."
"979",2020,"Aug.","RHO","TRT","Top",3.78,"8/4/2020","RHOTRTTop",5,3.36,-3.36,"Aug."
"980",2020,"Aug.","RHO","TRT","Bot",3.25,"8/4/2020","RHOTRTBot",0,3.25,-3.25,"Aug."
"981",2020,"Aug.","RHO","CTL","Bot",2.96,"8/4/2020","RHOCTLBot",2,2.79,-2.79,"Aug."
"982",2020,"Aug.","SPL","CTL","Top",5.24,"8/13/2020","SPLCTLTop",13.8,4.09,-4.09,"Aug."
"983",2020,"Aug.","SPL","CTL","Bot",6.16,"8/13/2020","SPLCTLBot",0,6.16,-6.16,"Aug."
"984",2020,"Aug.","SPL","TRT","Top",5.74,"8/13/2020","SPLTRTTop",1,5.66,-5.66,"Aug."
"985",2020,"Aug.","SPL","TRT","Bot",6.3,"8/13/2020","SPLTRTBot",1.5,6.17,-6.17,"Aug."
"986",2020,"Aug.","WHI","TRT","Top",14.79,"8/11/2020","WHITRTTop",1.5,14.66,-14.66,"Aug."
"987",2020,"Aug.","WHI","TRT","Bot",14.82,"8/11/2020","WHITRTBot",1.5,14.7,-14.7,"Aug."
"988",2020,"Aug.","WHI","CTL","Bot",12.01,"8/11/2020","WHICTLBot",2,11.84,-11.84,"Aug."
"989",2020,"Aug.","WOR","TRT","Bot",5.98,"8/4/2020","WORTRTBot",2,5.81,-5.81,"Aug."
"990",2020,"Aug.","WOR","TRT","Top",6.46,"8/4/2020","WORTRTTop",0,6.46,-6.46,"Aug."
"991",2020,"Aug.","WOR","CTL","Bot",4.57,"8/4/2020","WORCTLBot",1.5,4.45,-4.45,"Aug."
"992",2020,"Sept.","ARM","TRT","Top",9.07,"9/2/2020","ARMTRTTop",2.5,8.86,-8.86,"Sept."
"993",2020,"Sept.","ARM","TRT","Bot",10.83,"9/2/2020","ARMTRTBot",4,10.5,-10.5,"Sept."
"994",2020,"Sept.","ARM","CTL","Bot",12.07,"9/2/2020","ARMCTLBot",0,12.07,-12.07,"Sept."
"995",2020,"Sept.","MCN","CTL","Bot",5.08,"9/11/2020","MCNCTLBot",1,5,-5,"Sept."
"996",2020,"Sept.","MCN","TRT","Bot",7.41,"9/11/2020","MCNTRTBot",1.5,7.29,-7.29,"Sept."
"997",2020,"Sept.","RHO","TRT","Top",4.74,"9/4/2020","RHOTRTTop",5,4.32,-4.32,"Sept."
"998",2020,"Sept.","RHO","TRT","Bot",4.19,"9/4/2020","RHOTRTBot",0,4.19,-4.19,"Sept."
"999",2020,"Sept.","RHO","CTL","Bot",4.12,"9/4/2020","RHOCTLBot",2,3.95,-3.95,"Sept."
"1000",2020,"Sept.","SPL","CTL","Top",6.05,"9/1/2020","SPLCTLTop",13.8,4.9,-4.9,"Sept."
"1001",2020,"Sept.","SPL","CTL","Bot",6.91,"9/1/2020","SPLCTLBot",0,6.91,-6.91,"Sept."
"1002",2020,"Sept.","SPL","TRT","Top",6.66,"9/1/2020","SPLTRTTop",1,6.58,-6.58,"Sept."
"1003",2020,"Sept.","SPL","TRT","Bot",7.15,"9/1/2020","SPLTRTBot",1.5,7.03,-7.03,"Sept."
"1004",2020,"Sept.","WHI","TRT","Top",14.8,"9/3/2020","WHITRTTop",1.5,14.68,-14.68,"Sept."
"1005",2020,"Sept.","WHI","TRT","Bot",14.8,"9/3/2020","WHITRTBot",1.5,14.68,-14.68,"Sept."
"1006",2020,"Sept.","WHI","CTL","Bot",12.97,"9/3/2020","WHICTLBot",2,12.8,-12.8,"Sept."
"1007",2020,"Sept.","WOR","TRT","Bot",7.66,"9/3/2020","WORTRTBot",2,7.49,-7.49,"Sept."
"1008",2020,"Sept.","WOR","TRT","Top",7.81,"9/3/2020","WORTRTTop",0,7.81,-7.81,"Sept."
"1009",2020,"Sept.","WOR","CTL","Bot",6.2,"9/3/2020","WORCTLBot",1.5,6.08,-6.08,"Sept."
"1010",2020,"Sept.","GUT","TRT","Top",7.07,"9/15/2020","GUTTRTTop",0,7.07,-7.07,"Sept."
"1011",2020,"Sept.","GUT","TRT","Bot",6.93,"9/15/2020","GUTTRTBot",2,6.76,-6.76,"Sept."
"1012",2020,"Oct.","ARM","TRT","Top",9.49,"10/6/2020","ARMTRTTop",2.5,9.28,-9.28,"Oct."
"1013",2020,"Oct.","ARM","TRT","Bot",10.82,"10/6/2020","ARMTRTBot",4,10.49,-10.49,"Oct."
"1014",2020,"Oct.","ARM","CTL","Bot",12.68,"10/6/2020","ARMCTLBot",0,12.68,-12.68,"Oct."
"1015",2020,"Oct.","MCN","CTL","Bot",4.94,"10/5/2020","MCNCTLBot",1,4.86,-4.86,"Oct."
"1016",2020,"Oct.","MCN","TRT","Bot",7.93,"10/5/2020","MCNTRTBot",1.5,7.8,-7.8,"Oct."
"1017",2020,"Oct.","RHO","TRT","Top",3.86,"10/5/2020","RHOTRTTop",5,3.44,-3.44,"Oct."
"1018",2020,"Oct.","RHO","TRT","Bot",3.23,"10/5/2020","RHOTRTBot",0,3.23,-3.23,"Oct."
"1019",2020,"Oct.","RHO","CTL","Bot",3.4,"10/5/2020","RHOCTLBot",2,3.23,-3.23,"Oct."
"1020",2020,"Oct.","SPL","CTL","Top",7.18,"10/12/2020","SPLCTLTop",13.8,6.03,-6.03,"Oct."
"1021",2020,"Oct.","SPL","CTL","Bot",7.95,"10/12/2020","SPLCTLBot",0,7.95,-7.95,"Oct."
"1022",2020,"Oct.","SPL","TRT","Top",7.92,"10/12/2020","SPLTRTTop",1,7.84,-7.84,"Oct."
"1023",2020,"Oct.","SPL","TRT","Bot",8.02,"10/12/2020","SPLTRTBot",1.5,7.89,-7.89,"Oct."
"1024",2020,"Oct.","WHI","TRT","Top",14.8,"10/6/2020","WHITRTTop",1.5,14.68,-14.68,"Oct."
"1025",2020,"Oct.","WHI","TRT","Bot",14.81,"10/6/2020","WHITRTBot",1.5,14.69,-14.69,"Oct."
"1026",2020,"Oct.","WHI","CTL","Bot",13.98,"10/6/2020","WHICTLBot",2,13.81,-13.81,"Oct."
"1027",2020,"Oct.","WOR","TRT","Bot",9.65,"10/8/2020","WORTRTBot",2,9.48,-9.48,"Oct."
"1028",2020,"Oct.","WOR","TRT","Top",8.82,"10/8/2020","WORTRTTop",0,8.82,-8.82,"Oct."
"1029",2020,"Oct.","WOR","CTL","Bot",8.39,"10/8/2020","WORCTLBot",1.5,8.27,-8.27,"Oct."
"1030",2020,"Nov.","ARM","TRT","Top",NA,"","ARMTRTTop",2.5,NA,NA,"Nov."
"1031",2020,"Nov.","ARM","TRT","Bot",NA,"","ARMTRTBot",4,NA,NA,"Nov."
"1032",2020,"Nov.","ARM","CTL","Bot",NA,"","ARMCTLBot",0,NA,NA,"Nov."
"1033",2020,"Nov.","MCN","CTL","Bot",NA,"","MCNCTLBot",1,NA,NA,"Nov."
"1034",2020,"Nov.","MCN","TRT","Bot",NA,"","MCNTRTBot",1.5,NA,NA,"Nov."
"1035",2020,"Nov.","RHO","TRT","Top",NA,"","RHOTRTTop",5,NA,NA,"Nov."
"1036",2020,"Nov.","RHO","TRT","Bot",NA,"","RHOTRTBot",0,NA,NA,"Nov."
"1037",2020,"Nov.","RHO","CTL","Bot",NA,"","RHOCTLBot",2,NA,NA,"Nov."
"1038",2020,"Nov.","SPL","CTL","Top",NA,"","SPLCTLTop",13.8,NA,NA,"Nov."
"1039",2020,"Nov.","SPL","CTL","Bot",NA,"","SPLCTLBot",0,NA,NA,"Nov."
"1040",2020,"Nov.","SPL","TRT","Top",NA,"","SPLTRTTop",1,NA,NA,"Nov."
"1041",2020,"Nov.","SPL","TRT","Bot",NA,"","SPLTRTBot",1.5,NA,NA,"Nov."
"1042",2020,"Nov.","WHI","TRT","Top",NA,"","WHITRTTop",1.5,NA,NA,"Nov."
"1043",2020,"Nov.","WHI","TRT","Bot",NA,"","WHITRTBot",1.5,NA,NA,"Nov."
"1044",2020,"Nov.","WHI","CTL","Bot",NA,"","WHICTLBot",2,NA,NA,"Nov."
"1045",2020,"Nov.","WOR","TRT","Bot",NA,"","WORTRTBot",2,NA,NA,"Nov."
"1046",2020,"Nov.","WOR","TRT","Top",NA,"","WORTRTTop",0,NA,NA,"Nov."
"1047",2020,"Nov.","WOR","CTL","Bot",NA,"","WORCTLBot",1.5,NA,NA,"Nov."
"1048",2020,"Dec.","ARM","TRT","Top",NA,"","ARMTRTTop",2.5,NA,NA,"Dec."
"1049",2020,"Dec.","ARM","TRT","Bot",NA,"","ARMTRTBot",4,NA,NA,"Dec."
"1050",2020,"Dec.","ARM","CTL","Bot",NA,"","ARMCTLBot",0,NA,NA,"Dec."
"1051",2020,"Dec.","MCN","CTL","Bot",NA,"","MCNCTLBot",1,NA,NA,"Dec."
"1052",2020,"Dec.","MCN","TRT","Bot",NA,"","MCNTRTBot",1.5,NA,NA,"Dec."
"1053",2020,"Dec.","RHO","TRT","Top",NA,"","RHOTRTTop",5,NA,NA,"Dec."
"1054",2020,"Dec.","RHO","TRT","Bot",NA,"","RHOTRTBot",0,NA,NA,"Dec."
"1055",2020,"Dec.","RHO","CTL","Bot",NA,"","RHOCTLBot",2,NA,NA,"Dec."
"1056",2020,"Dec.","SPL","CTL","Top",NA,"","SPLCTLTop",13.8,NA,NA,"Dec."
"1057",2020,"Dec.","SPL","CTL","Bot",NA,"","SPLCTLBot",0,NA,NA,"Dec."
"1058",2020,"Dec.","SPL","TRT","Top",NA,"","SPLTRTTop",1,NA,NA,"Dec."
"1059",2020,"Dec.","SPL","TRT","Bot",NA,"","SPLTRTBot",1.5,NA,NA,"Dec."
"1060",2020,"Dec.","WHI","TRT","Top",NA,"","WHITRTTop",1.5,NA,NA,"Dec."
"1061",2020,"Dec.","WHI","TRT","Bot",NA,"","WHITRTBot",1.5,NA,NA,"Dec."
"1062",2020,"Dec.","WHI","CTL","Bot",NA,"","WHICTLBot",2,NA,NA,"Dec."
"1063",2020,"Dec.","WOR","TRT","Bot",NA,"","WORTRTBot",2,NA,NA,"Dec."
"1064",2020,"Dec.","WOR","TRT","Top",NA,"","WORTRTTop",0,NA,NA,"Dec."
"1065",2020,"Dec.","WOR","CTL","Bot",NA,"","WORCTLBot",1.5,NA,NA,"Dec."
"1066",2020,"Dec.","GUT","TRT","Top",NA,"","GUTTRTTop",0,NA,NA,"Dec."
"1067",2020,"Dec.","GUT","TRT","Bot",NA,"","GUTTRTBot",2,NA,NA,"Dec."
